district,text,rating,source,lat,lon,sentiment_label,sentiment_score,sentiment_numeric
Ворошиловский,Газпром — работает (24/7),4,osm_active,48.69809272580099,44.44256061272606,POSITIVE,1.0,1.0
Ворошиловский,Лукойл — работает (24/7),4,osm_active,48.69260491993433,44.44766095860893,POSITIVE,1.0,1.0
Ворошиловский,"ИП Егиазарян Артур Ваганович ""Солнышко"" — работает (24/7)",4,osm_active,48.70546360072047,44.44468269223168,POSITIVE,1.0,1.0
Ворошиловский,VIRBACauto — работает (Mo-Fr 9:00-20:00; Sa 09:00-18:00; Su 09:00-17:00),4,osm_active,48.699668294192776,44.45017904465943,POSITIVE,1.0,1.0
Ворошиловский,Лукойл — работает (24/7),4,osm_active,48.7032664359373,44.43479365875399,POSITIVE,1.0,1.0
Ворошиловский,Парикмахерская — работает (10:00-19:00),4,osm_active,48.6980677292208,44.448381060219674,POSITIVE,1.0,1.0
Ворошиловский,Магнит — работает (Mo-Su 08:30-21:30),4,osm_active,48.69557900574481,44.4458554535926,POSITIVE,1.0,1.0
Ворошиловский,Алоэ — работает (Mo-Su 09:00-22:00),4,osm_active,48.69599489192826,44.44676724218316,POSITIVE,1.0,1.0
Ворошиловский,Ozon — работает (Mo-Su 09:00-21:00),4,osm_active,48.69638262619908,44.45192200272826,POSITIVE,1.0,1.0
Ворошиловский,Ozon — работает (Mo-Su 09:00-21:00),4,osm_active,48.6958088433043,44.4445545689784,POSITIVE,1.0,1.0
Ворошиловский,Ozon — работает (Mo-Su 09:00-21:00),4,osm_active,48.69622903921264,44.44658694373294,POSITIVE,1.0,1.0
Ворошиловский,Авито — работает (Mo-Su 09:00-21:00),4,osm_active,48.69693660633573,44.447242220489095,POSITIVE,1.0,1.0
Ворошиловский,Блокпост — работает (Mo-Su 09:00-19:00),4,osm_active,48.70463607771189,44.45013083117411,POSITIVE,1.0,1.0
Ворошиловский,Много магазинов (11),5,infra,48.70346289928086,44.446644505148825,POSITIVE,1.0,1.0
Ворошиловский,Транспорт норм (13),4,infra,48.69764664911684,44.44388840877129,NEUTRAL,0.5,0.5
Ворошиловский,Парков нет,2,infra,48.699779170178005,44.44587896591933,NEUTRAL,0.5,0.5
Ворошиловский,Есть поликлиника,4,infra,48.69596214006647,44.4500021629575,NEUTRAL,0.5,0.5
Ворошиловский,Кафе нет,2,infra,48.69908999091728,44.44085665658019,NEUTRAL,0.5,0.5
Дзержинский,Лукойл — работает (24/7),4,osm_active,48.75531200811835,44.475979859913565,POSITIVE,1.0,1.0
Дзержинский,Лукойл — работает (24/7),4,osm_active,48.757266870257176,44.47160191669701,POSITIVE,1.0,1.0
Дзержинский,Лукойл — работает (24/7),4,osm_active,48.75307224085074,44.47604212365415,POSITIVE,1.0,1.0
Дзержинский,Есть Научная библиотека ВА МВД (library),4,osm_positive,48.75283090214098,44.46993271043605,NEUTRAL,0.5,0.5
Дзержинский,Аптека №39 — работает (24/7),4,osm_active,48.75370151673636,44.47456572908243,POSITIVE,1.0,1.0
Дзержинский,Аптечный пункт — работает (08:00-20:00),4,osm_active,48.75923898590043,44.46674562698105,POSITIVE,1.0,1.0
Дзержинский,Аптечный пункт — доступен,5,osm_access,48.75725259594382,44.47139622908494,POSITIVE,1.0,1.0
Дзержинский,Покупочка — работает (Mo-Su 08:00-22:00),4,osm_active,48.75248828657888,44.47085667649864,POSITIVE,1.0,1.0
Дзержинский,Покупочка — доступен,5,osm_access,48.7562232978085,44.470980621701635,POSITIVE,1.0,1.0
Дзержинский,Продукты — работает (24/7),4,osm_active,48.74991130658654,44.46798355074494,POSITIVE,1.0,1.0
Дзержинский,Волгофарм — доступен,5,osm_access,48.753566050256254,44.468072819290384,POSITIVE,1.0,1.0
Дзержинский,Радеж — работает (24/7),4,osm_active,48.756822139741175,44.46671398162803,POSITIVE,1.0,1.0
Дзержинский,Rusoil — работает (24/7),4,osm_active,48.75394951448724,44.466001912979586,POSITIVE,1.0,1.0
Дзержинский,"Teboil — работает (Mo-Su 00:10-03:45,04:00-23:55)",4,osm_active,48.75576732370137,44.47339398087822,POSITIVE,1.0,1.0
Дзержинский,Радеж — работает (08:00-23:00),4,osm_active,48.75797222037232,44.4685541283248,POSITIVE,1.0,1.0
Дзержинский,"Управляющая компания Энергопром — работает (Mo-We 8:00-12:00, 13:00-17:00;Th 08:00-12:00, 13:00-19:00;Fr 08:00-12:00, 13:00-16:00;Sa[1] 10:00-13:00)",4,osm_active,48.74914311689762,44.47520836001072,POSITIVE,1.0,1.0
Дзержинский,Управляющая компания Энергопром — недоступен,2,osm_access,48.759541264643445,44.46890050039436,NEGATIVE,0.0,0.0
Дзержинский,Дом оптики — работает (09:00-19:00),4,osm_active,48.75313022114907,44.47108199240491,POSITIVE,1.0,1.0
Дзержинский,Дом оптики — доступен,5,osm_access,48.75277881489758,44.47514049317011,POSITIVE,1.0,1.0
Дзержинский,Продукты — работает (08:00-22:00),4,osm_active,48.75503641929236,44.47363172092369,POSITIVE,1.0,1.0
Дзержинский,Золотой стандарт — работает (Mo-Su 08:00-20:00),4,osm_active,48.75653950725142,44.472508372509424,POSITIVE,1.0,1.0
Дзержинский,Чай и кофе — доступен,5,osm_access,48.75502764352005,44.471284980864475,POSITIVE,1.0,1.0
Дзержинский,Грузовые запчасти — работает (Mo-Su 08:00-18:00),4,osm_active,48.75474433103602,44.471810408785615,POSITIVE,1.0,1.0
Дзержинский,Медуница — работает (24/7),4,osm_active,48.75528456453989,44.47180177637394,POSITIVE,1.0,1.0
Дзержинский,Медуница — недоступен,2,osm_access,48.75912193686721,44.471490136213106,NEGATIVE,0.0,0.0
Дзержинский,Айболит — работает (10:00-20:00),4,osm_active,48.76372797233952,44.47567598164742,POSITIVE,1.0,1.0
Дзержинский,Бунжур — работает (10:00-19:30),4,osm_active,48.755180454299925,44.47777142121366,POSITIVE,1.0,1.0
Дзержинский,FreshStyle — работает (Mo-Su 09:00-20:00),4,osm_active,48.75624198461818,44.472232436871835,POSITIVE,1.0,1.0
Дзержинский,FreshStyle — недоступен,2,osm_access,48.754736208192455,44.469122110069435,NEGATIVE,0.0,0.0
Дзержинский,Продукты — работает (08:00-23:00),4,osm_active,48.75572274482259,44.470781293254326,POSITIVE,1.0,1.0
Дзержинский,Чай и кофе — доступен,5,osm_access,48.75606433973191,44.473614362010075,POSITIVE,1.0,1.0
Дзержинский,Золушка — работает (10:00-20:00),4,osm_active,48.75661293597491,44.475220144518346,POSITIVE,1.0,1.0
Дзержинский,Канистра — работает (Mo-Su 09:00-19:00),4,osm_active,48.75815950828349,44.476791633999625,POSITIVE,1.0,1.0
Дзержинский,ТАВС Волга — работает (08:00-12:30; 13:00-19:00),4,osm_active,48.76093088634792,44.47076294035055,POSITIVE,1.0,1.0
Дзержинский,Салон красоты для животных — работает (10:00-20:00),4,osm_active,48.75278154265685,44.468547192190584,POSITIVE,1.0,1.0
Дзержинский,Водный сервис — работает (Mo-Fr 09:00-18:00; Sa Off; Su Off),4,osm_active,48.75980395947936,44.47046406919613,POSITIVE,1.0,1.0
Дзержинский,Ринтек — работает (09:00-19:00),4,osm_active,48.75239599301185,44.46886729447301,POSITIVE,1.0,1.0
Дзержинский,Властёна — работает (Mo-Su 07:00-23:00),4,osm_active,48.75284905662625,44.47227435436901,POSITIVE,1.0,1.0
Дзержинский,Зебра — недоступен,2,osm_access,48.75832845464154,44.471643967230754,NEGATIVE,0.0,0.0
Дзержинский,Пивной край — работает (09:00-22:00),4,osm_active,48.75495424714402,44.47762599110929,POSITIVE,1.0,1.0
Дзержинский,Мастер-Крепеж — работает (09:00-20:00),4,osm_active,48.75581995052787,44.46811291818506,POSITIVE,1.0,1.0
Дзержинский,Промтик — работает (Mo-Fr 10:00-19:00; Sa 10:00-17:00),4,osm_active,48.75421612145401,44.47104082052321,POSITIVE,1.0,1.0
Дзержинский,Рем-рест строй — работает (Mo-Su 09:00-19:00),4,osm_active,48.75991225016065,44.469342565844705,POSITIVE,1.0,1.0
Дзержинский,купимебель34 — работает (24/7),4,osm_active,48.752824077436145,44.468646431086135,POSITIVE,1.0,1.0
Дзержинский,"Салон мототехники BRP (квадро-, гидроциклы. снегоходы) — работает (Mo-Sa 10:00-19:00)",4,osm_active,48.76236262604362,44.4659962240155,POSITIVE,1.0,1.0
Дзержинский,Магнит Семейный — работает (Mo-Su 08:30-22:00),4,osm_active,48.75710495077206,44.47253454589137,POSITIVE,1.0,1.0
Дзержинский,Микрос — работает (Mo-Fr 09:00-19:00; Sa 09:00-17:00),4,osm_active,48.75183622045131,44.47148056322094,POSITIVE,1.0,1.0
Дзержинский,KDL — работает (Mo-Fr 07:00-14:00; Sa 07:00-12:00),4,osm_active,48.7537887822298,44.47299312151996,POSITIVE,1.0,1.0
Дзержинский,Вита Экспресс — работает (Mo-Su 08:00-20:00),4,osm_active,48.753298280592624,44.46884847782272,POSITIVE,1.0,1.0
Дзержинский,Вита Экспресс — работает (Mo-Su 08:00-20:00),4,osm_active,48.75588633323384,44.47135399322693,POSITIVE,1.0,1.0
Дзержинский,Belwest — работает (Mo-Su 10:00-20:00),4,osm_active,48.76031113827395,44.474271426186704,POSITIVE,1.0,1.0
Дзержинский,DNS — работает (Mo-Su 10:00-22:00),4,osm_active,48.751835499477735,44.47051037923259,POSITIVE,1.0,1.0
Дзержинский,Еаптека — работает (Mo-Su 08:00-20:00),4,osm_active,48.75163131848507,44.46677004009927,POSITIVE,1.0,1.0
Дзержинский,Быстроденьги — работает (Mo-Fr 09:00-20:00;Sa-Su 09:00-19:00),4,osm_active,48.753548206862014,44.466754237998224,POSITIVE,1.0,1.0
Дзержинский,Q Store — работает (Mo-Su 10:00-22:00),4,osm_active,48.75905872037737,44.47348368870208,POSITIVE,1.0,1.0
Дзержинский,СДЭК — работает (Mo-Fr 10:00-21:00; Sa-Su 10:00-20:00),4,osm_active,48.75883184822976,44.47890742326495,POSITIVE,1.0,1.0
Дзержинский,СДЭК — работает (Mo-Fr 08:00-18:00; Sa-Su 09:00-18:00),4,osm_active,48.75653183349522,44.47248691483075,POSITIVE,1.0,1.0
Дзержинский,Ozon — работает (Mo-Su 09:00-21:00),4,osm_active,48.754089850045155,44.46974541185736,POSITIVE,1.0,1.0
Дзержинский,Ozon — работает (Mo-Su 09:00-21:00),4,osm_active,48.75585548526421,44.473712541576994,POSITIVE,1.0,1.0
Дзержинский,Ozon — работает (Mo-Su 09:00-21:00),4,osm_active,48.755166416104856,44.46842033701731,POSITIVE,1.0,1.0
Дзержинский,Ozon — работает (Mo-Su 09:00-21:00),4,osm_active,48.75685129574846,44.47088695548484,POSITIVE,1.0,1.0
Дзержинский,Ozon — работает (Mo-Su 09:00-21:00),4,osm_active,48.75122988136622,44.47140833001107,POSITIVE,1.0,1.0
Дзержинский,"Teboil — работает (Mo-Su 00:10-03:45,04:00-23:55)",4,osm_active,48.747415984396895,44.47296730426048,POSITIVE,1.0,1.0
Дзержинский,M.Видео — работает (Mo-Su 10:00-21:00),4,osm_active,48.759831088356925,44.46792037640884,POSITIVE,1.0,1.0
Дзержинский,МТС — работает (Mo-Su 10:00-21:00),4,osm_active,48.757447023066774,44.47099889166002,POSITIVE,1.0,1.0
Дзержинский,МТС — работает (Mo-Su 09:00-19:00),4,osm_active,48.750191815934826,44.47552698932515,POSITIVE,1.0,1.0
Дзержинский,Билайн — работает (Mo-Su 09:00-19:00),4,osm_active,48.759437726030605,44.47226103807047,POSITIVE,1.0,1.0
Дзержинский,Билайн — работает (Mo-Su 10:00-22:00),4,osm_active,48.75189252160043,44.47306507141047,POSITIVE,1.0,1.0
Дзержинский,"Спортивно-досуговый клуб ""Дзержинец"" — работает (Mo-Fr 11:00-21:00)",4,osm_active,48.75296599131521,44.47096272721714,POSITIVE,1.0,1.0
Дзержинский,Ozon — работает (Mo-Su 10:00-21:00),4,osm_active,48.754197761228774,44.469170790078,POSITIVE,1.0,1.0
Дзержинский,Победа — работает (Mo-Su 08:00-20:00),4,osm_active,48.750159184891174,44.47105515006358,POSITIVE,1.0,1.0
Дзержинский,Boston Technic — работает (Mo-Su 08:00-20:00),4,osm_active,48.75148113761918,44.46686649891112,POSITIVE,1.0,1.0
Дзержинский,Boston Auto — работает (Mo-Su 08:00-20:00),4,osm_active,48.756557685551755,44.47043918375686,POSITIVE,1.0,1.0
Дзержинский,Билайн — работает (Mo-Su 09:00-18:00),4,osm_active,48.75905073698487,44.46744727981714,POSITIVE,1.0,1.0
Дзержинский,Тортуга — работает (Mo-Su 09:00-22:00),4,osm_active,48.75870298694708,44.47051776247014,POSITIVE,1.0,1.0
Дзержинский,Капитальник — работает (Mo-Fr 08:30-17:30),4,osm_active,48.75638283395169,44.472823185473686,POSITIVE,1.0,1.0
Дзержинский,Ozon — работает (Mo-Su 09:00-21:00),4,osm_active,48.756675492331944,44.47402128965603,POSITIVE,1.0,1.0
Дзержинский,Ozon — работает (Mo-Su 09:00-21:00),4,osm_active,48.75554857674595,44.473981933605195,POSITIVE,1.0,1.0
Дзержинский,Инвитро — работает (Mo-Fr 07:00-17:00; Sa 08:00-14:00),4,osm_active,48.75600863985663,44.47405725435828,POSITIVE,1.0,1.0
Дзержинский,Инвитро — работает (Mo-Fr 07:00-16:00; Sa 08:00-14:00),4,osm_active,48.754020357962254,44.47052434915879,POSITIVE,1.0,1.0
Дзержинский,Л'Этуаль — работает (Mo-Su 10:00-22:00),4,osm_active,48.75113055442013,44.46999775370907,POSITIVE,1.0,1.0
Дзержинский,Ozon — работает (Mo-Su 09:00-21:00),4,osm_active,48.753714354733454,44.47274743225191,POSITIVE,1.0,1.0
Дзержинский,Ozon — работает (Mo-Su 09:00-21:00),4,osm_active,48.75745123071403,44.47178608911376,POSITIVE,1.0,1.0
Дзержинский,Вита Экспресс — работает (Mo-Su 09:00-20:00),4,osm_active,48.75897161936856,44.47020231148754,POSITIVE,1.0,1.0
Дзержинский,Ozon — работает (Mo-Su 09:00-21:00),4,osm_active,48.75361052213011,44.46873796908228,POSITIVE,1.0,1.0
Дзержинский,Foton — работает (Mo-Fr 09:00-19:00; Sa 09:00-15:30),4,osm_active,48.75507869890872,44.46991547738057,POSITIVE,1.0,1.0
Дзержинский,Modis — работает (Mo-Su 10:00-21:00),4,osm_active,48.75721712211689,44.47255513651693,POSITIVE,1.0,1.0
Дзержинский,Ozon — работает (Mo-Su 09:00-21:00),4,osm_active,48.75045969151477,44.46911716611857,POSITIVE,1.0,1.0
Дзержинский,Aik Бистро — работает (24/7),4,osm_active,48.754359457744336,44.46945560650299,POSITIVE,1.0,1.0
Дзержинский,Sunlight — работает (Mo-Su 09:00-20:00),4,osm_active,48.761106384284666,44.473019997018184,POSITIVE,1.0,1.0
Дзержинский,Boxberry — работает (Mo-Fr 10:00-19:00; Sa-Su 10:00-16:00),4,osm_active,48.75830404899164,44.474992954248854,POSITIVE,1.0,1.0
Дзержинский,Sokolov — работает (Mo-Su 10:00-22:00),4,osm_active,48.75645246069051,44.47329181021891,POSITIVE,1.0,1.0
Дзержинский,Sokolov — работает (Mo-Su 10:00-21:00),4,osm_active,48.75764011943635,44.47141718265274,POSITIVE,1.0,1.0
Дзержинский,Sunlight — работает (Mo-Su 09:00-20:00),4,osm_active,48.75335299812724,44.47365549922758,POSITIVE,1.0,1.0
Дзержинский,Lada Агат — работает (Mo-Su 08:00-20:00),4,osm_active,48.7552979199678,44.47003658182321,POSITIVE,1.0,1.0
Дзержинский,Продсклад Победа — работает (Mo-Su 08:00-21:00),4,osm_active,48.75982880485399,44.47329704747965,POSITIVE,1.0,1.0
Дзержинский,Fix Price — работает (Mo-Su 08:00-21:00),4,osm_active,48.757157815900314,44.4683109980939,POSITIVE,1.0,1.0
Дзержинский,Fix Price — работает (Mo-Su 09:00-21:00),4,osm_active,48.75200516418629,44.47292908563481,POSITIVE,1.0,1.0
Дзержинский,Fix Price — работает (Mo-Su 09:00-21:00),4,osm_active,48.758297694538584,44.47151583439358,POSITIVE,1.0,1.0
Дзержинский,Ozon — работает (Mo-Su 09:00-21:00),4,osm_active,48.75696134859735,44.46332643087078,POSITIVE,1.0,1.0
Дзержинский,Sunlight — работает (Mo-Su 09:00-20:00),4,osm_active,48.754529205392544,44.46858634892749,POSITIVE,1.0,1.0
Дзержинский,Есть МОУ Центр детского творчества (community_centre),4,osm_positive,48.75476397204161,44.46798076426116,NEUTRAL,0.5,0.5
Дзержинский,Капучино — работает (12:00-24:00),4,osm_active,48.75001875076135,44.4750272945978,POSITIVE,1.0,1.0
Дзержинский,Рустерc — работает (24/7),4,osm_active,48.75418817181214,44.46478866432462,POSITIVE,1.0,1.0
Дзержинский,Шаверма — доступен,5,osm_access,48.75068794632684,44.47391819105962,POSITIVE,1.0,1.0
Дзержинский,МБУ СШОР №10 — работает (Mo-Sa 8:30-21:00),4,osm_active,48.75548182526096,44.47166365782998,POSITIVE,1.0,1.0
Дзержинский,Много магазинов (26),5,infra,48.7523443612636,44.480204616125654,POSITIVE,1.0,1.0
Дзержинский,Отличный транспорт (19),5,infra,48.75812021798045,44.47387056750575,NEUTRAL,0.5,0.5
Дзержинский,Парки (3),5,infra,48.75567562274355,44.473094348808345,NEUTRAL,0.5,0.5
Дзержинский,Площадки (8),5,infra,48.7590552411178,44.47279437388975,NEUTRAL,0.5,0.5
Дзержинский,Есть поликлиника,4,infra,48.75239682975541,44.46947414159463,NEUTRAL,0.5,0.5
Дзержинский,"Школы (5), садики (6)",5,infra,48.76097547283414,44.46938876575543,NEUTRAL,0.5,0.5
Дзержинский,Развитый район,5,infra,48.75413024971229,44.468090002443745,POSITIVE,1.0,1.0
Кировский,Магазинов нет,1,infra,48.605707322151616,44.48374885873471,NEUTRAL,0.5,0.5
Кировский,Плохой транспорт,1,infra,48.61058504420687,44.48187133858672,NEUTRAL,0.5,0.5
Кировский,Парков нет,2,infra,48.60844905906408,44.48731394101547,NEUTRAL,0.5,0.5
Кировский,Площадок нет,1,infra,48.60398099623729,44.48284155637728,NEUTRAL,0.5,0.5
Кировский,Нет поликлиники,2,infra,48.602123385787806,44.47985372119239,NEUTRAL,0.5,0.5
Кировский,Аптек нет,1,infra,48.606812138703944,44.47807887776623,NEUTRAL,0.5,0.5
Кировский,Кафе нет,2,infra,48.60272701196984,44.48805897001989,NEUTRAL,0.5,0.5
Кировский,Слабая инфраструктура,2,infra,48.60917120442635,44.4840336214137,NEUTRAL,0.5,0.5
Краснооктябрьский,"Teboil — работает (Mo-Su 00:10-03:45,04:00-23:55)",4,osm_active,48.77336702341725,44.55274517639766,POSITIVE,1.0,1.0
Краснооктябрьский,Teboil — доступен,5,osm_access,48.77962095723474,44.5604502331298,POSITIVE,1.0,1.0
Краснооктябрьский,Газпром — работает (24/7),4,osm_active,48.77309228870006,44.55595779175579,POSITIVE,1.0,1.0
Краснооктябрьский,Лукойл — работает (24/7),4,osm_active,48.78038584777336,44.55399106676852,POSITIVE,1.0,1.0
Краснооктябрьский,Газпром — работает (24/7),4,osm_active,48.77463630778335,44.54858018973904,POSITIVE,1.0,1.0
Краснооктябрьский,Сбербанк — работает (Mo-Fr 09:00-18:00),4,osm_active,48.77523818511385,44.552439475575355,POSITIVE,1.0,1.0
Краснооктябрьский,Магнит — недоступен,2,osm_access,48.7768833812404,44.55780862665193,NEGATIVE,0.0,0.0
Краснооктябрьский,Есть Библиотека № 8 (library),4,osm_positive,48.77544652127784,44.55515080948679,NEUTRAL,0.5,0.5
Краснооктябрьский,Медтехника — доступен,5,osm_access,48.77866787376577,44.553731522011,POSITIVE,1.0,1.0
Краснооктябрьский,Есть Библиотека № 6 им. В.В. Маяковского (library),4,osm_positive,48.77384951354431,44.550128559363095,NEUTRAL,0.5,0.5
Краснооктябрьский,Пятёрочка — доступен,5,osm_access,48.77489232774645,44.551075395009725,POSITIVE,1.0,1.0
Краснооктябрьский,Магнит — доступен,5,osm_access,48.77586108404245,44.5583509289032,POSITIVE,1.0,1.0
Краснооктябрьский,Почта России — доступен,5,osm_access,48.778181722668585,44.55481294511939,POSITIVE,1.0,1.0
Краснооктябрьский,Vega — доступен,5,osm_access,48.77720988304552,44.55132610875991,POSITIVE,1.0,1.0
Краснооктябрьский,Аккрас — работает (Mo-Fr 09:00-19:00; Sa 09:00-18:00; Su Off),4,osm_active,48.777137705559774,44.54897486050477,POSITIVE,1.0,1.0
Краснооктябрьский,Аккрас — недоступен,2,osm_access,48.77480700490473,44.552554226001504,NEGATIVE,0.0,0.0
Краснооктябрьский,Покупочка — работает (Mo-Su 08:00-23:00),4,osm_active,48.77661940238834,44.55467748785415,POSITIVE,1.0,1.0
Краснооктябрьский,Покупочка — доступен,5,osm_access,48.77750434762753,44.554377190929216,POSITIVE,1.0,1.0
Краснооктябрьский,Конфетки-бараночки — работает (Mo-Sa 08:00-21:00; Su 09:00-21:00),4,osm_active,48.775636439411095,44.54594807882192,POSITIVE,1.0,1.0
Краснооктябрьский,Конфетки-бараночки — доступен,5,osm_access,48.77648317025691,44.54897111075646,POSITIVE,1.0,1.0
Краснооктябрьский,Радеж — работает (24/7),4,osm_active,48.7768528373881,44.5538504631346,POSITIVE,1.0,1.0
Краснооктябрьский,Магнит — доступен,5,osm_access,48.76783101365379,44.556173922836905,POSITIVE,1.0,1.0
Краснооктябрьский,Сбербанк — доступен,5,osm_access,48.76943376971083,44.550184962232606,POSITIVE,1.0,1.0
Краснооктябрьский,Вита Экспресс — работает (Mo-Fr 08:00-20:00;Sa-Su 09:00-20:00),4,osm_active,48.77755793742403,44.55726454953823,POSITIVE,1.0,1.0
Краснооктябрьский,Озерки — работает (Mo-Sa 08:00-21:00),4,osm_active,48.77486843989065,44.55334397263684,POSITIVE,1.0,1.0
Краснооктябрьский,Магнит — работает (08:00-23:00),4,osm_active,48.7784086420107,44.55580011251918,POSITIVE,1.0,1.0
Краснооктябрьский,Волгофарм — доступен,5,osm_access,48.77073679335109,44.548755039472475,POSITIVE,1.0,1.0
Краснооктябрьский,Магнит — работает (08:00-22:00),4,osm_active,48.77575205401823,44.5534619587508,POSITIVE,1.0,1.0
Краснооктябрьский,Магнит — доступен,5,osm_access,48.777796361496165,44.55170715156157,POSITIVE,1.0,1.0
Краснооктябрьский,Магнит — работает (08:00-21:30),4,osm_active,48.7755857684176,44.55293005511314,POSITIVE,1.0,1.0
Краснооктябрьский,Магнит — доступен,5,osm_access,48.77475598081664,44.55408594807617,POSITIVE,1.0,1.0
Краснооктябрьский,Детская поликлиника № 1 — доступен,5,osm_access,48.77021822462192,44.55499557976571,POSITIVE,1.0,1.0
Краснооктябрьский,Центр аллергологии и иммунологии — работает (Mo-Fr 08:00-19:00),4,osm_active,48.77637643596295,44.555937974773755,POSITIVE,1.0,1.0
Краснооктябрьский,Медуница — работает (24/7),4,osm_active,48.76810042644864,44.55595352207763,POSITIVE,1.0,1.0
Краснооктябрьский,"Внедорожник — работает (Mo-Fr 09:00-18:00, Sa 10:00-15:00)",4,osm_active,48.771114700646784,44.55499203540485,POSITIVE,1.0,1.0
Краснооктябрьский,Магнит Косметик — доступен,5,osm_access,48.7748282486084,44.55494036858744,POSITIVE,1.0,1.0
Краснооктябрьский,Конфетки-бараночки — работает (Mo-Su 08:00-20:00),4,osm_active,48.77345199975304,44.5537935135482,POSITIVE,1.0,1.0
Краснооктябрьский,Есть Библиотека № 32 (library),4,osm_positive,48.7717795397408,44.55770315710718,NEUTRAL,0.5,0.5
Краснооктябрьский,Магнит — работает (08:00-23:00),4,osm_active,48.77898677088178,44.553987277667126,POSITIVE,1.0,1.0
Краснооктябрьский,СДЭК — работает (Mo-Fr 10:00-21:00; Sa-Su 10:00-20:00),4,osm_active,48.77426487064003,44.554205099972506,POSITIVE,1.0,1.0
Краснооктябрьский,Волгофарм — доступен,5,osm_access,48.77838541112161,44.54936592134628,POSITIVE,1.0,1.0
Краснооктябрьский,Магнит Аптека — доступен,5,osm_access,48.78104884661533,44.55213705110392,POSITIVE,1.0,1.0
Краснооктябрьский,Детская поликлиника №1 — работает (Mo-Sa 08:00-19:00),4,osm_active,48.76940962397457,44.55087081074231,POSITIVE,1.0,1.0
Краснооктябрьский,Детская поликлиника №1 — доступен,5,osm_access,48.77567311331871,44.55046413037121,POSITIVE,1.0,1.0
Краснооктябрьский,Детская поликлиника № 1 (отделение восстановительного лечения) — доступен,5,osm_access,48.771550401159416,44.55162213918953,POSITIVE,1.0,1.0
Краснооктябрьский,ЦирюльникЪ — работает (09:00-21:00),4,osm_active,48.78042564004961,44.55475783660908,POSITIVE,1.0,1.0
Краснооктябрьский,ЦирюльникЪ — доступен,5,osm_access,48.77433461358575,44.5487479965314,POSITIVE,1.0,1.0
Краснооктябрьский,Мегафон — работает (09:00-20:00),4,osm_active,48.777849429037005,44.55524051228632,POSITIVE,1.0,1.0
Краснооктябрьский,Магнит — работает (08:00-23:00),4,osm_active,48.77750517722538,44.55466772677059,POSITIVE,1.0,1.0
Краснооктябрьский,Креветка — работает (08:00-23:00),4,osm_active,48.7690177070773,44.550536449626115,POSITIVE,1.0,1.0
Краснооктябрьский,Волгоградский трикотаж — работает (09:00-19:00),4,osm_active,48.76914461684269,44.55846632154475,POSITIVE,1.0,1.0
Краснооктябрьский,Золотой стандарт — работает (Mo-Su 08:00-20:00),4,osm_active,48.7772121825694,44.55332906352895,POSITIVE,1.0,1.0
Краснооктябрьский,Baden — работает (Mo-Su 10:00-20:00),4,osm_active,48.78016334508092,44.555533318272026,POSITIVE,1.0,1.0
Краснооктябрьский,Магнит Аптека — доступен,5,osm_access,48.768592641130155,44.5617090728061,POSITIVE,1.0,1.0
Краснооктябрьский,СладкоЁжка — работает (08:00-20:00),4,osm_active,48.7792578732489,44.54783486420478,POSITIVE,1.0,1.0
Краснооктябрьский,Вита Экспресс — работает (Mo-Su 08:00-20:00),4,osm_active,48.78073544490446,44.558115664215286,POSITIVE,1.0,1.0
Краснооктябрьский,Магнит — доступен,5,osm_access,48.77526645997112,44.54773209183912,POSITIVE,1.0,1.0
Краснооктябрьский,"Метизофф — работает (Mo-Fr 08:30-17:30, Sa 08:30-15:00)",4,osm_active,48.77431851060585,44.54676826660524,POSITIVE,1.0,1.0
Краснооктябрьский,МТС — работает (Mo-Su 09:00-20:00),4,osm_active,48.76869215790924,44.55720893047221,POSITIVE,1.0,1.0
Краснооктябрьский,Совкомбанк — работает (Mo-Fr 09:00-20:00;Sa 09:00-17:00;Su 10:00-16:00),4,osm_active,48.77126320580844,44.55032862165506,POSITIVE,1.0,1.0
Краснооктябрьский,Колесо.ру — работает (Mo-Su 09:00-21:00),4,osm_active,48.77750313686437,44.54988606869127,POSITIVE,1.0,1.0
Краснооктябрьский,KDL — работает (Mo-Fr 07:00-18:00; Sa 07:00-16:00; Su 07:00-15:00),4,osm_active,48.777309276416325,44.55121433116569,POSITIVE,1.0,1.0
Краснооктябрьский,Вита Экспресс — работает (Mo-Su 08:00-21:00),4,osm_active,48.77762407541022,44.54948282967159,POSITIVE,1.0,1.0
Краснооктябрьский,Вита Экспресс — работает (Mo-Su 08:00-20:00),4,osm_active,48.771593307921464,44.555294548697546,POSITIVE,1.0,1.0
Краснооктябрьский,DNS — работает (Mo-Su 10:00-20:00),4,osm_active,48.775262279632365,44.55481345870686,POSITIVE,1.0,1.0
Краснооктябрьский,DNS — доступен,5,osm_access,48.77462815575374,44.55716587177546,POSITIVE,1.0,1.0
Краснооктябрьский,Управдом — работает (Mo-Sa 09:00-19:00; Su 09:00-18:00),4,osm_active,48.77512594559588,44.55644679653115,POSITIVE,1.0,1.0
Краснооктябрьский,Нефертити — работает (Mo-Su 11:00-01:00),4,osm_active,48.7781637018353,44.555179368295725,POSITIVE,1.0,1.0
Краснооктябрьский,Бристоль — доступен,5,osm_access,48.77202160521389,44.551771045393835,POSITIVE,1.0,1.0
Краснооктябрьский,Водопад — работает (Mo-Fr 09:00-17:00; Sa 09:00-16:00; Su 10:00-14:00),4,osm_active,48.7775483678877,44.56123957304786,POSITIVE,1.0,1.0
Краснооктябрьский,Москвич — недоступен,2,osm_access,48.7727687252053,44.55000372109589,NEGATIVE,0.0,0.0
Краснооктябрьский,Быстроденьги — работает (Mo-Fr 09:00-20:00;Sa-Su 09:00-19:00),4,osm_active,48.77197114776192,44.549254578769805,POSITIVE,1.0,1.0
Краснооктябрьский,СДЭК — работает (Mo-Fr 10:00-21:00; Sa-Su 10:00-20:00),4,osm_active,48.774876160403146,44.55449226049911,POSITIVE,1.0,1.0
Краснооктябрьский,СДЭК — работает (Mo-Fr 10:00-21:00; Sa-Su 10:00-20:00),4,osm_active,48.769650934836214,44.55595008032787,POSITIVE,1.0,1.0
Краснооктябрьский,Ozon — работает (Mo-Su 09:00-21:00),4,osm_active,48.77084838372973,44.55342427147153,POSITIVE,1.0,1.0
Краснооктябрьский,Ozon — работает (Mo-Su 09:00-21:00),4,osm_active,48.77833003452446,44.55205981240511,POSITIVE,1.0,1.0
Краснооктябрьский,Ozon — доступен,5,osm_access,48.773746404613696,44.55323326287776,POSITIVE,1.0,1.0
Краснооктябрьский,Ozon — работает (Mo-Su 09:00-21:00),4,osm_active,48.77352299932392,44.552165801847536,POSITIVE,1.0,1.0
Краснооктябрьский,585 Gold — работает (Mo-Su 09:00-20:00),4,osm_active,48.77962421931561,44.55195972655707,POSITIVE,1.0,1.0
Краснооктябрьский,МТС — работает (Mo-Su 09:00-19:00),4,osm_active,48.76974165257957,44.55352550691588,POSITIVE,1.0,1.0
Краснооктябрьский,Инвитро — работает (Fr 07:00-14:00; Mo-Th 07:00-18:00; Sa-Su 08:00-15:00),4,osm_active,48.7775026313988,44.55439296587232,POSITIVE,1.0,1.0
Краснооктябрьский,"Совкомбанк — работает (Mo-Fr 09:00-13:00,14:00-18:00)",4,osm_active,48.77791064651703,44.551756541412495,POSITIVE,1.0,1.0
Краснооктябрьский,Совкомбанк — доступен,5,osm_access,48.77338200252469,44.55868944921256,POSITIVE,1.0,1.0
Краснооктябрьский,Билайн — работает (Mo-Su 09:00-18:00),4,osm_active,48.77412330866793,44.552949674351474,POSITIVE,1.0,1.0
Краснооктябрьский,Билайн — работает (Mo-Su 09:00-20:00),4,osm_active,48.77320126464626,44.55667053484965,POSITIVE,1.0,1.0
Краснооктябрьский,Билайн — работает (Mo-Fr 08:00-17:00),4,osm_active,48.77215130794816,44.55476405919097,POSITIVE,1.0,1.0
Краснооктябрьский,Билайн — доступен,5,osm_access,48.77274972748756,44.557491306681946,POSITIVE,1.0,1.0
Краснооктябрьский,Магнит Косметик — работает (Mo-Su 09:00-21:00),4,osm_active,48.77916636396117,44.55781466315048,POSITIVE,1.0,1.0
Краснооктябрьский,Блокпост — работает (с 09:00 до 20:00),4,osm_active,48.778079622489614,44.55229398001931,POSITIVE,1.0,1.0
Краснооктябрьский,Wildberries — работает (Mo-Su 10:00-21:00),4,osm_active,48.77037678602654,44.55463407426951,POSITIVE,1.0,1.0
Краснооктябрьский,Апрель — работает (Mo-Su 08:00-20:00),4,osm_active,48.776487860619326,44.5500787240318,POSITIVE,1.0,1.0
Краснооктябрьский,Wildberries — работает (Mo-Su 10:00-21:00),4,osm_active,48.77376891350424,44.55373597839755,POSITIVE,1.0,1.0
Краснооктябрьский,Кебабник-Шаурма Маркет — работает (24/7),4,osm_active,48.776792499011854,44.55445378317498,POSITIVE,1.0,1.0
Краснооктябрьский,Smoking shop — работает (Mo-Su 09:00-21:00),4,osm_active,48.77440551417954,44.55802577136924,POSITIVE,1.0,1.0
Краснооктябрьский,Пятёрочка — работает (Mo-Sa 08:00-22:00),4,osm_active,48.779134081525505,44.547468864869536,POSITIVE,1.0,1.0
Краснооктябрьский,Fix Price — работает (Mo-Sa 08:00-19:00),4,osm_active,48.77592340664974,44.55439588804369,POSITIVE,1.0,1.0
Краснооктябрьский,555 Колясок — работает (Mo-Su 09:00-19:00),4,osm_active,48.78067154135304,44.550033502584114,POSITIVE,1.0,1.0
Краснооктябрьский,Aik Бистро — работает (24/7),4,osm_active,48.774379761175176,44.55388454153721,POSITIVE,1.0,1.0
Краснооктябрьский,Marusya flowers — работает (24/7),4,osm_active,48.77600864912976,44.5555263171388,POSITIVE,1.0,1.0
Краснооктябрьский,Апрель — работает (Mo-Sa 08:00-20:00),4,osm_active,48.774875693166585,44.54286005058248,POSITIVE,1.0,1.0
Краснооктябрьский,Бристоль — работает (Mo-Sa 08:00-23:00),4,osm_active,48.776676134668,44.55041346288568,POSITIVE,1.0,1.0
Краснооктябрьский,Westfalika — работает (Mo-Su 10:00-20:00),4,osm_active,48.77866056488685,44.55623924626536,POSITIVE,1.0,1.0
Краснооктябрьский,ОТП Банк — работает (Mo-Su 09:00-18:00),4,osm_active,48.77501663724769,44.555042399972535,POSITIVE,1.0,1.0
Краснооктябрьский,ZENDEN — работает (Mo-Sa 10:00-20:00),4,osm_active,48.76889767147236,44.54763282700463,POSITIVE,1.0,1.0
Краснооктябрьский,Ozon — работает (Mo-Su 09:00-21:00),4,osm_active,48.77564678918232,44.55131593101316,POSITIVE,1.0,1.0
Краснооктябрьский,Ozon — работает (Mo-Su 09:00-21:00),4,osm_active,48.771221028732285,44.551082262630885,POSITIVE,1.0,1.0
Краснооктябрьский,Ozon — работает (Mo-Su 09:00-21:00),4,osm_active,48.77431904375431,44.54914546716018,POSITIVE,1.0,1.0
Краснооктябрьский,Ozon — доступен,5,osm_access,48.77469274920481,44.558857249061184,POSITIVE,1.0,1.0
Краснооктябрьский,Ozon — работает (Mo-Su 09:00-21:00),4,osm_active,48.77468355997677,44.55276046783075,POSITIVE,1.0,1.0
Краснооктябрьский,Ozon — работает (Mo-Su 09:00-21:00),4,osm_active,48.77819494365493,44.55123675251472,POSITIVE,1.0,1.0
Краснооктябрьский,Ozon — работает (Mo-Su 09:00-21:00),4,osm_active,48.77464308779982,44.55457073260115,POSITIVE,1.0,1.0
Краснооктябрьский,Ozon — доступен,5,osm_access,48.77313698068003,44.552328115705805,POSITIVE,1.0,1.0
Краснооктябрьский,585 Золотой — работает (Mo-Su 09:00-20:00),4,osm_active,48.77186555382492,44.55307646078556,POSITIVE,1.0,1.0
Краснооктябрьский,Smolly — работает (Mo-Su 10:00-20:00),4,osm_active,48.773540703288006,44.55849607673436,POSITIVE,1.0,1.0
Краснооктябрьский,MaxMarket — работает (Mo-Su 09:00-21:00),4,osm_active,48.77367858354108,44.55631195714551,POSITIVE,1.0,1.0
Краснооктябрьский,Продсклад Победа — работает (Mo-Su 08:00-21:00),4,osm_active,48.77623204493389,44.5536231806437,POSITIVE,1.0,1.0
Краснооктябрьский,Ozon — работает (Mo-Su 09:00-21:00),4,osm_active,48.7760199544115,44.55679253414942,POSITIVE,1.0,1.0
Краснооктябрьский,Ozon — работает (Mo-Su 09:00-21:00),4,osm_active,48.7722280643874,44.55196309297114,POSITIVE,1.0,1.0
Краснооктябрьский,Ozon — работает (Mo-Su 09:00-21:00),4,osm_active,48.77490380433809,44.55646496687991,POSITIVE,1.0,1.0
Краснооктябрьский,Ozon — работает (Mo-Su 09:00-21:00),4,osm_active,48.77444664510358,44.54797521017271,POSITIVE,1.0,1.0
Краснооктябрьский,Золотой стандарт — работает (Mo-Su 08:00-20:00),4,osm_active,48.77417673852474,44.55446440398891,POSITIVE,1.0,1.0
Краснооктябрьский,Золотой стандарт — работает (Mo-Su 09:00-21:00),4,osm_active,48.77272481845687,44.55201129623229,POSITIVE,1.0,1.0
Краснооктябрьский,Золотой стандарт — недоступен,2,osm_access,48.7739276025843,44.54873444738497,NEGATIVE,0.0,0.0
Краснооктябрьский,Пятёрочка — работает (Mo-Su 08:00-23:00),4,osm_active,48.77159530973222,44.55384877098827,POSITIVE,1.0,1.0
Краснооктябрьский,Пятёрочка — доступен,5,osm_access,48.77518178832742,44.550494320207605,POSITIVE,1.0,1.0
Краснооктябрьский,Покупалко — работает (Mo-Su 08:00-23:00),4,osm_active,48.77728245764288,44.553950980680874,POSITIVE,1.0,1.0
Краснооктябрьский,Покупалко — доступен,5,osm_access,48.7727542739279,44.55749256345246,POSITIVE,1.0,1.0
Краснооктябрьский,Пятёрочка — работает (Mo-Su 08:00-23:00),4,osm_active,48.77854581716488,44.55504928521295,POSITIVE,1.0,1.0
Краснооктябрьский,Ozon — работает (Mo-Su 09:00-20:00),4,osm_active,48.77157429282781,44.55358837473784,POSITIVE,1.0,1.0
Краснооктябрьский,Онлайн Трейд — работает (Mo-Su 10:00-21:00),4,osm_active,48.77129395851119,44.55800399541993,POSITIVE,1.0,1.0
Краснооктябрьский,Ozon — работает (Mo-Su 09:00-21:00),4,osm_active,48.77338098987038,44.5574218066292,POSITIVE,1.0,1.0
Краснооктябрьский,Ozon — работает (Mo-Su 09:00-21:00),4,osm_active,48.774674363779575,44.55539492182091,POSITIVE,1.0,1.0
Краснооктябрьский,Ozon — работает (Mo-Su 09:00-21:00),4,osm_active,48.77077995923376,44.55202092318822,POSITIVE,1.0,1.0
Краснооктябрьский,Ozon — работает (Mo-Su 09:00-21:00),4,osm_active,48.77573942841134,44.54963025110649,POSITIVE,1.0,1.0
Краснооктябрьский,Ozon — работает (Mo-Su 09:00-21:00),4,osm_active,48.7721672267589,44.55522518381448,POSITIVE,1.0,1.0
Краснооктябрьский,Ozon — работает (Mo-Su 09:00-21:00),4,osm_active,48.775900306541665,44.55182239634187,POSITIVE,1.0,1.0
Краснооктябрьский,Ozon — работает (Mo-Su 09:00-21:00),4,osm_active,48.77481287868871,44.561703885318515,POSITIVE,1.0,1.0
Краснооктябрьский,Вита Экспресс — работает (Mo-Su 08:00-20:00),4,osm_active,48.774251183851206,44.5527527841088,POSITIVE,1.0,1.0
Краснооктябрьский,Ozon — работает (Mo-Su 09:00-21:00),4,osm_active,48.774521699565305,44.55798151877907,POSITIVE,1.0,1.0
Краснооктябрьский,Betboom — работает (24/7),4,osm_active,48.769607233719206,44.5503211473136,POSITIVE,1.0,1.0
Краснооктябрьский,Ozon — работает (Mo-Su 10:00-21:00),4,osm_active,48.77338786511775,44.55364173450656,POSITIVE,1.0,1.0
Краснооктябрьский,Ozon — работает (Mo-Su 09:00-21:00),4,osm_active,48.778194939539546,44.5529478488561,POSITIVE,1.0,1.0
Краснооктябрьский,Ozon — работает (Mo-Su 09:00-21:00),4,osm_active,48.77651570508271,44.549802045159424,POSITIVE,1.0,1.0
Краснооктябрьский,Ozon — работает (Mo-Su 09:00-21:00),4,osm_active,48.777192124590776,44.54691655844482,POSITIVE,1.0,1.0
Краснооктябрьский,Ozon — работает (Mo-Su 09:00-21:00),4,osm_active,48.774978139747176,44.555813967861134,POSITIVE,1.0,1.0
Краснооктябрьский,Травма-net — работает (Mo-Fr 09:00-19:00; Sa-Su 10:00-18:00),4,osm_active,48.77724063765775,44.55653465754569,POSITIVE,1.0,1.0
Краснооктябрьский,Foton — работает (Mo-Fr 09:00-19:00; Sa 09:00-15:30),4,osm_active,48.773905546656344,44.55249963730111,POSITIVE,1.0,1.0
Краснооктябрьский,Ozon — работает (Mo-Su 09:00-21:00),4,osm_active,48.77639900957492,44.55622171228095,POSITIVE,1.0,1.0
Краснооктябрьский,Ozon — работает (Mo-Su 09:00-21:00),4,osm_active,48.77441479213906,44.55121473873435,POSITIVE,1.0,1.0
Краснооктябрьский,ВсеИнструменты.ру — работает (Mo-Su 09:00-20:00),4,osm_active,48.77687723839012,44.54969937736955,POSITIVE,1.0,1.0
Краснооктябрьский,Авито — работает (Mo-Su 10:00-21:00),4,osm_active,48.77103369808214,44.55009670598866,POSITIVE,1.0,1.0
Краснооктябрьский,Промсвязьбанк — работает (Mo-Fr 09:00-19:00; Sa 09:00-15:00),4,osm_active,48.77420435554659,44.549818034316694,POSITIVE,1.0,1.0
Краснооктябрьский,Промсвязьбанк — доступен,5,osm_access,48.77250627179601,44.55382089172218,POSITIVE,1.0,1.0
Краснооктябрьский,Вита Экспресс — работает (Mo-Su 08:00-20:00),4,osm_active,48.77815867865931,44.554430396145534,POSITIVE,1.0,1.0
Краснооктябрьский,СДЭК — работает (Mo-Fr 10:00-21:00; Sa-Su 10:00-20:00),4,osm_active,48.77627525495707,44.55499401101957,POSITIVE,1.0,1.0
Краснооктябрьский,Вита Экспресс — работает (Mo-Su 08:00-20:00),4,osm_active,48.77784911581306,44.55128540725181,POSITIVE,1.0,1.0
Краснооктябрьский,Boxberry — работает (Mo-Su 09:00-21:00),4,osm_active,48.768310769556514,44.549304279029194,POSITIVE,1.0,1.0
Краснооктябрьский,Boxberry — недоступен,2,osm_access,48.776950827935515,44.552511631917255,NEGATIVE,0.0,0.0
Краснооктябрьский,Boxberry — работает (Mo-Su 09:00-21:00),4,osm_active,48.77828189099054,44.55453167603537,POSITIVE,1.0,1.0
Краснооктябрьский,Авито — работает (Mo-Su 09:00-21:00),4,osm_active,48.7756875324076,44.55279135514627,POSITIVE,1.0,1.0
Краснооктябрьский,Авито — работает (Mo-Su 09:00-21:00),4,osm_active,48.77924731981514,44.55539715243232,POSITIVE,1.0,1.0
Краснооктябрьский,Sunlight — работает (Mo-Su 09:00-20:00),4,osm_active,48.77967181111242,44.55258961728026,POSITIVE,1.0,1.0
Краснооктябрьский,Sunlight — работает (Mo-Su 09:00-20:00),4,osm_active,48.78274639093662,44.554422337490514,POSITIVE,1.0,1.0
Краснооктябрьский,Авито — работает (Mo-Su 09:00-21:00),4,osm_active,48.77861773572697,44.55206232390906,POSITIVE,1.0,1.0
Краснооктябрьский,Авито — работает (Mo-Su 09:00-21:00),4,osm_active,48.77134338183824,44.553386845625006,POSITIVE,1.0,1.0
Краснооктябрьский,Авито — работает (Mo-Su 09:00-20:00),4,osm_active,48.776115170881646,44.5500194517493,POSITIVE,1.0,1.0
Краснооктябрьский,Fix Price — работает (Mo-Su 09:00-21:00),4,osm_active,48.77594717138135,44.55317727168827,POSITIVE,1.0,1.0
Краснооктябрьский,Fix Price — доступен,5,osm_access,48.77523357052226,44.55621912299165,POSITIVE,1.0,1.0
Краснооктябрьский,Fix Price — работает (Mo-Su 08:00-21:00),4,osm_active,48.77373939106524,44.550567275021855,POSITIVE,1.0,1.0
Краснооктябрьский,Fix Price — работает (Mo-Su 08:00-20:00),4,osm_active,48.77203922630813,44.55671560316857,POSITIVE,1.0,1.0
Краснооктябрьский,Fix Price — работает (Mo-Su 08:30-21:30),4,osm_active,48.77707261074002,44.55569148509496,POSITIVE,1.0,1.0
Краснооктябрьский,Кожаный саквояж — работает (Mo-Fr 10:00-19:00; Sa-Su 10:00-17:00),4,osm_active,48.77429508732085,44.554339516733094,POSITIVE,1.0,1.0
Краснооктябрьский,Кожаный саквояж — недоступен,2,osm_access,48.77465222580358,44.550743626613304,NEGATIVE,0.0,0.0
Краснооктябрьский,Wildberries — работает (Mo-Su 09:00-21:00),4,osm_active,48.77124730213118,44.54959403085794,POSITIVE,1.0,1.0
Краснооктябрьский,Wildberries — недоступен,2,osm_access,48.77813092978881,44.55188479352441,NEGATIVE,0.0,0.0
Краснооктябрьский,Ozon — работает (Mo-Su 10:00-20:00),4,osm_active,48.77856029057339,44.55078194222888,POSITIVE,1.0,1.0
Краснооктябрьский,Ozon — работает (Mo-Su 09:00-21:00),4,osm_active,48.77795496620399,44.55612675522332,POSITIVE,1.0,1.0
Краснооктябрьский,Ozon — работает (Mo-Su 10:00-21:00),4,osm_active,48.7785150574447,44.55723239886913,POSITIVE,1.0,1.0
Краснооктябрьский,Ozon — работает (Mo-Su 09:00-21:00),4,osm_active,48.77634249788269,44.55576011828771,POSITIVE,1.0,1.0
Краснооктябрьский,Armtek — работает (Mo-Su 08:00-20:00),4,osm_active,48.77279960430149,44.55463941047101,POSITIVE,1.0,1.0
Краснооктябрьский,Armtek — доступен,5,osm_access,48.77776165392362,44.54894582898941,POSITIVE,1.0,1.0
Краснооктябрьский,Зима Лето — работает (Mo-Su 09:00-20:00),4,osm_active,48.77708060488449,44.55700902897649,POSITIVE,1.0,1.0
Краснооктябрьский,ИП Гасанова С.Н. — работает (24/7),4,osm_active,48.77779205433273,44.55479836028914,POSITIVE,1.0,1.0
Краснооктябрьский,ИП Гасанова С.Н. — доступен,5,osm_access,48.7740590844107,44.5559102477892,POSITIVE,1.0,1.0
Краснооктябрьский,Вкусно — и точка — работает (Mo-Su 07:00-22:45),4,osm_active,48.77954459532852,44.55028933344268,POSITIVE,1.0,1.0
Краснооктябрьский,Вкусно — и точка — доступен,5,osm_access,48.77240711735695,44.5558004939787,POSITIVE,1.0,1.0
Краснооктябрьский,Аптека №31 — работает (Mo-Fr 07:30-21:00; Sa-Su 08:00-20:00),4,osm_active,48.77520739357369,44.54912169895281,POSITIVE,1.0,1.0
Краснооктябрьский,Терминал — доступен,5,osm_access,48.77466228589615,44.554407652842805,POSITIVE,1.0,1.0
Краснооктябрьский,БлинБери — работает (Mo-Su 08:00-23:00),4,osm_active,48.77418132931385,44.55548811633108,POSITIVE,1.0,1.0
Краснооктябрьский,БлинБери — доступен,5,osm_access,48.77022521009684,44.55072448492901,POSITIVE,1.0,1.0
Краснооктябрьский,Кебабник — работает (24/7),4,osm_active,48.773798204758165,44.54781562655817,POSITIVE,1.0,1.0
Краснооктябрьский,Кебабник — доступен,5,osm_access,48.77428065946513,44.55195459701403,POSITIVE,1.0,1.0
Краснооктябрьский,Додо Пицца — работает (Mo-Su 08:00-24:00),4,osm_active,48.77555963039441,44.54934215288813,POSITIVE,1.0,1.0
Краснооктябрьский,Аптека+ — работает (Mo-Sa 08:00-20:00),4,osm_active,48.772349956510325,44.55171685363947,POSITIVE,1.0,1.0
Краснооктябрьский,Рустерс — работает (24/7),4,osm_active,48.77226776146619,44.551360809564265,POSITIVE,1.0,1.0
Краснооктябрьский,Царицынская опера — работает (Mo-Fr 09:00-19:00),4,osm_active,48.77210725729621,44.55249270567086,POSITIVE,1.0,1.0
Краснооктябрьский,Есть Царицынская опера (theatre),4,osm_positive,48.77666534656535,44.558447968755225,NEUTRAL,0.5,0.5
Краснооктябрьский,Царицынская опера — доступен,5,osm_access,48.771941829384545,44.552210930506774,POSITIVE,1.0,1.0
Краснооктябрьский,Есть Детско-юношеский центр Краснооктябрьского района (community_centre),4,osm_positive,48.77536808075368,44.54942625139922,NEUTRAL,0.5,0.5
Краснооктябрьский,ECO — работает (24/7),4,osm_active,48.77587425681181,44.55855361501311,POSITIVE,1.0,1.0
Краснооктябрьский,КИТ — работает (24/7),4,osm_active,48.771600336498715,44.55452222812149,POSITIVE,1.0,1.0
Краснооктябрьский,Лукойл — работает (24/7),4,osm_active,48.77638147207561,44.55859425698797,POSITIVE,1.0,1.0
Краснооктябрьский,Pancho Grill — доступен,5,osm_access,48.76906183832693,44.552747972333705,POSITIVE,1.0,1.0
Краснооктябрьский,Блинбери — работает (Mo-Su 08:00-23:00),4,osm_active,48.77711178532193,44.549613418456886,POSITIVE,1.0,1.0
Краснооктябрьский,Блинбери — доступен,5,osm_access,48.776041314556466,44.55122149111198,POSITIVE,1.0,1.0
Краснооктябрьский,Много магазинов (44),5,infra,48.77417789493342,44.550599831315594,POSITIVE,1.0,1.0
Краснооктябрьский,Отличный транспорт (24),5,infra,48.77288753345456,44.55504361390812,NEUTRAL,0.5,0.5
Краснооктябрьский,Парки (14),5,infra,48.77311893418763,44.5560153677448,NEUTRAL,0.5,0.5
Краснооктябрьский,Площадки (21),5,infra,48.77351741881957,44.55384567486397,NEUTRAL,0.5,0.5
Краснооктябрьский,Медицина (12),5,infra,48.77523052542499,44.54522203657896,NEUTRAL,0.5,0.5
Краснооктябрьский,"Школы (16), садики (31)",5,infra,48.77578541092223,44.548222286012695,NEUTRAL,0.5,0.5
Краснооктябрьский,Развитый район,5,infra,48.77501083183988,44.55143875015008,POSITIVE,1.0,1.0
Центральный,Альфа-Банк — работает (Mo-Sa 09:00-20:00; Su off),4,osm_active,48.72006377114187,44.52987296063679,POSITIVE,1.0,1.0
Центральный,Лукойл — работает (24/7),4,osm_active,48.725224896418744,44.52686159329842,POSITIVE,1.0,1.0
Центральный,Лукойл — работает (24/7),4,osm_active,48.72017025766009,44.52775166805553,POSITIVE,1.0,1.0
Центральный,Есть Научно-техническая библиотека ВолГТУ (library),4,osm_positive,48.720077856122835,44.53953222192864,NEUTRAL,0.5,0.5
Центральный,Римини — работает (Mo-Su 11:00-23:00),4,osm_active,48.72239906911489,44.53154051811976,POSITIVE,1.0,1.0
Центральный,Nails Studio — работает (09:00-21:00),4,osm_active,48.7201753522031,44.52982898087506,POSITIVE,1.0,1.0
Центральный,Nails Studio — недоступен,2,osm_access,48.72149099247952,44.53417568135151,NEGATIVE,0.0,0.0
Центральный,Волгофарм — работает (Mo-Fr 08:00-21:00; Sa-Su 08:00-20:00),4,osm_active,48.717405818142296,44.53282034509853,POSITIVE,1.0,1.0
Центральный,Аптека 34 Плюс — работает (Mo-Su 08:00-20:00),4,osm_active,48.72108885873635,44.534654884639714,POSITIVE,1.0,1.0
Центральный,Аптека 34 Плюс — доступен,5,osm_access,48.72040042556144,44.526857755316826,POSITIVE,1.0,1.0
Центральный,Есть Волгоградская Филармония (theatre),4,osm_positive,48.727598100893815,44.53053039958821,NEUTRAL,0.5,0.5
Центральный,Сбербанк — работает (Tu-Fr 09:00-17:30; Sa 09:00-13:00),4,osm_active,48.72003777940507,44.53314438684872,POSITIVE,1.0,1.0
Центральный,"ЧОП ""Герат-Волга"" — работает (24/7)",4,osm_active,48.72444741849296,44.53376276107162,POSITIVE,1.0,1.0
Центральный,Магнит — работает (10:00-21:00),4,osm_active,48.72083497814773,44.53404591913428,POSITIVE,1.0,1.0
Центральный,Восток — работает (Mo-Fr 09:00-18:00; Sa 09:00-16:00),4,osm_active,48.72473327059349,44.53285482616297,POSITIVE,1.0,1.0
Центральный,"Научно-педагогическая библиотека ВГСПУ — работает (Mo-Th 08:30-12:30,13:00-17:15;Fr 08:30-12:30,13:00-16:00)",4,osm_active,48.72266363123504,44.529417125665155,POSITIVE,1.0,1.0
Центральный,Есть Научно-педагогическая библиотека ВГСПУ (library),4,osm_positive,48.715391896431136,44.52607566302069,NEUTRAL,0.5,0.5
Центральный,Есть Синема Парк (cinema),4,osm_positive,48.72018703218689,44.53267924001879,POSITIVE,1.0,1.0
Центральный,"Русфинансбанк;Судебные участки Центрального района (№ 116, 117, 118, 119, 120, 121, 122) — работает (09:00-19:00)",4,osm_active,48.725647742353395,44.53277333754617,POSITIVE,1.0,1.0
Центральный,Райффайзенбанк — работает (Mo-Fr 10:00-19:00; Sa 10:00-14:00; Su Off),4,osm_active,48.72461643904082,44.53419980211369,POSITIVE,1.0,1.0
Центральный,Райффайзенбанк — доступен,5,osm_access,48.71952684449406,44.53223871898736,POSITIVE,1.0,1.0
Центральный,Доктор Столетов — работает (24/7),4,osm_active,48.72263853347267,44.53180770673102,POSITIVE,1.0,1.0
Центральный,Интурист — работает (Mo-Su 12:00-23:00),4,osm_active,48.718981821589296,44.53248994506706,POSITIVE,1.0,1.0
Центральный,ВТБ — доступен,5,osm_access,48.723453470435686,44.53544890749742,POSITIVE,1.0,1.0
Центральный,Богиня — работает (Mo-Su 08:00-20:00),4,osm_active,48.72330424019178,44.53339034379822,POSITIVE,1.0,1.0
Центральный,Сбербанк — доступен,5,osm_access,48.72245212603273,44.53071931652459,POSITIVE,1.0,1.0
Центральный,Kanzler — работает (Mo-Su 10:00-21:00),4,osm_active,48.72496620657416,44.525167535555475,POSITIVE,1.0,1.0
Центральный,Автодок — работает (Mo-Fr 09:00-19:00; Sa 09:00-16:00; Su 10:00-14:00),4,osm_active,48.71910785903515,44.53488850964928,POSITIVE,1.0,1.0
Центральный,Аккрас — работает (Mo-Fr 09:00-19:00; Sa 09:00-18:00; Su off),4,osm_active,48.71864213155478,44.52935859578642,POSITIVE,1.0,1.0
Центральный,"Защита — работает (Mo-Fr 09:00-18:00; Sa,Su off)",4,osm_active,48.723298920456514,44.53750045348392,POSITIVE,1.0,1.0
Центральный,Пельменная — работает (Mo-Su 09:30-18:00),4,osm_active,48.72192506216977,44.53482388548131,POSITIVE,1.0,1.0
Центральный,Эдельвейс — работает (Mo-Fr 11:00-19:00; Sa-Su 11:00-18:00),4,osm_active,48.725801663068005,44.538130213684845,POSITIVE,1.0,1.0
Центральный,Coffee Like — работает (Mo-Fr 08:00-21:00;Sa-Su 10:00-22:00),4,osm_active,48.71917622797859,44.526426237009176,POSITIVE,1.0,1.0
Центральный,Муниципальная аптека — работает (08:00-20:00),4,osm_active,48.7255806636999,44.52702820002568,POSITIVE,1.0,1.0
Центральный,Ринтек — работает (09:00-19:00),4,osm_active,48.720851704027496,44.529407252233774,POSITIVE,1.0,1.0
Центральный,"Ортопедический салон ""МедАн"" — работает (Mo-Sa 08:00-20:00; Su 10:00-15:00)",4,osm_active,48.71653240201519,44.53255179428499,POSITIVE,1.0,1.0
Центральный,Злата Прага — работает (Mo-Su 12:00-23:00),4,osm_active,48.722337755895126,44.53781702724422,POSITIVE,1.0,1.0
Центральный,"Автодок — работает (Mo-Fr 09:00-20:00; Sa,Su 09:00-19:00)",4,osm_active,48.722751366084175,44.52877035012258,POSITIVE,1.0,1.0
Центральный,Покупочка — работает (Mo-Su 08:00-23:00),4,osm_active,48.72463610418895,44.52508029933059,POSITIVE,1.0,1.0
Центральный,Есть Центральная городская библиотека (library),4,osm_positive,48.72495418068801,44.53325404571739,NEUTRAL,0.5,0.5
Центральный,Аспиринка — работает (24/7),4,osm_active,48.71311516483746,44.529403786382815,POSITIVE,1.0,1.0
Центральный,Покупочка — работает (Mo-Su 08:00-22:00),4,osm_active,48.71823945806151,44.528428571869085,POSITIVE,1.0,1.0
Центральный,Пенные напитки — работает (Mo-Su 10:00-23:00),4,osm_active,48.72589849090076,44.52978686383981,POSITIVE,1.0,1.0
Центральный,Вита Экспресс — работает (Mo-Fr 08:00-20:00;Sa-Su 09:00-20:00),4,osm_active,48.72675866495087,44.53426793127896,POSITIVE,1.0,1.0
Центральный,ЭкоФарм — работает (24/7),4,osm_active,48.72464211607266,44.53178741222381,POSITIVE,1.0,1.0
Центральный,Квадрат — работает (24/7),4,osm_active,48.72334631865414,44.53560823494147,POSITIVE,1.0,1.0
Центральный,Aik Бистро — работает (24/7),4,osm_active,48.71638711009959,44.5280065256218,POSITIVE,1.0,1.0
Центральный,Магнит — работает (24/7),4,osm_active,48.72719935012386,44.526876180472506,POSITIVE,1.0,1.0
Центральный,Конфетки-бараночки — работает (Mo-Sa 07:30-21:00; Su 09:00-21:00),4,osm_active,48.71840782934927,44.53765496819499,POSITIVE,1.0,1.0
Центральный,Рынок на ткачева — работает (Mo-Su 08:00-18:00),4,osm_active,48.72093663228145,44.53162510693945,POSITIVE,1.0,1.0
Центральный,1R ОПТИКА — работает (Mo-Fr 10:00-19:00; Sa 10:00-18:00),4,osm_active,48.72284173731662,44.52615890543345,POSITIVE,1.0,1.0
Центральный,ВТБ — работает (Mo-Fr 09:00-18:00),4,osm_active,48.71955878719274,44.53479439318221,POSITIVE,1.0,1.0
Центральный,Центр реабилитации слуха — работает (Mo-Fr 09:00-17:00; Sa 10:00-15:00),4,osm_active,48.720113166171465,44.5357596815166,POSITIVE,1.0,1.0
Центральный,Тамада — работает (Mo-Su 11:00-23:00),4,osm_active,48.72542899499032,44.53276906429089,POSITIVE,1.0,1.0
Центральный,Посиделки — работает (24/7),4,osm_active,48.71993965032743,44.53558995527647,POSITIVE,1.0,1.0
Центральный,"Школа груминга, зоосалон — работает (Mo-Su 10:00-22:00)",4,osm_active,48.72249467389604,44.53396858891277,POSITIVE,1.0,1.0
Центральный,"Custombike — работает (Su-Mo, We-Fr 09:00-20:00)",4,osm_active,48.72882171868492,44.53270733345627,POSITIVE,1.0,1.0
Центральный,Воронка — работает (Mo-Su 07:30-21:00),4,osm_active,48.72429198304582,44.53543072908765,POSITIVE,1.0,1.0
Центральный,Вега - Мирная еда — работает (Mo-Su 08:30-20:00),4,osm_active,48.71821549428116,44.53648247326812,POSITIVE,1.0,1.0
Центральный,Спортмастер — работает (Mo-Su 10:00-22:00),4,osm_active,48.72441673975091,44.536490091242015,POSITIVE,1.0,1.0
Центральный,Цветы — работает (24/7),4,osm_active,48.71872541465433,44.53029507555021,POSITIVE,1.0,1.0
Центральный,Магнит — работает (Mo-Su 08:00-22:00),4,osm_active,48.718090391214645,44.53374967516016,POSITIVE,1.0,1.0
Центральный,Брецель — работает (Mo-Su 09:00-21:00),4,osm_active,48.719624229667026,44.53359164720721,POSITIVE,1.0,1.0
Центральный,ХэппиМаркет — работает (Mo-Su 09:00-19:00),4,osm_active,48.72419048896902,44.531833573936304,POSITIVE,1.0,1.0
Центральный,Шпилька — работает (Mo-Su 08:00-20:00),4,osm_active,48.72236809122427,44.53342852384068,POSITIVE,1.0,1.0
Центральный,Coffee Like — работает (Mo-Fr 09:00-21:00;Sa-Su 10:00-21:00),4,osm_active,48.720334002269155,44.531358045717816,POSITIVE,1.0,1.0
Центральный,ЦирюльникЪ — работает (Mo-Su 09:00-21:00),4,osm_active,48.72278752872017,44.53110998662799,POSITIVE,1.0,1.0
Центральный,Почта России — работает (Mo-Fr 08:00-21:00; Sa 09:00-19:00),4,osm_active,48.7178696045655,44.5264601902583,POSITIVE,1.0,1.0
Центральный,Покупалко — работает (24/7),4,osm_active,48.72262371707018,44.53325481720212,POSITIVE,1.0,1.0
Центральный,Coffee Like — работает (24/7),4,osm_active,48.72695437646665,44.532018719355335,POSITIVE,1.0,1.0
Центральный,Есть Салют (cinema),4,osm_positive,48.72035847439873,44.531212611421694,NEUTRAL,0.5,0.5
Центральный,Швейный мир — работает (Mo-Sa 10:00-19:00; Su 10:00-17:00),4,osm_active,48.72158986792645,44.52811736220017,POSITIVE,1.0,1.0
Центральный,Парфюм Декор — работает (Mo-Su 09:00-21:00),4,osm_active,48.72260024622178,44.52744097911102,POSITIVE,1.0,1.0
Центральный,Coffee Like — работает (Mo-Su 08:00-22:00),4,osm_active,48.718394050888435,44.53031941150322,POSITIVE,1.0,1.0
Центральный,Kuchenland — работает (Mo-Su 10:00-21:00),4,osm_active,48.721885924878805,44.53391213764044,POSITIVE,1.0,1.0
Центральный,Тюль пан — работает (Mo-Sa 10:00-19:00; Su off),4,osm_active,48.72416872869082,44.52574858798259,POSITIVE,1.0,1.0
Центральный,"Аптека на Комсомольской — работает (Mo-Su,PH 08:00-21:00)",4,osm_active,48.72622576692656,44.532718225713566,POSITIVE,1.0,1.0
Центральный,Есть Волгоградский государственный театр одного актера (theatre),4,osm_positive,48.7170797107801,44.52852918747233,NEUTRAL,0.5,0.5
Центральный,Детская клиническая стоматологическая поликлиника №2 — работает (Mo-Fr 08:00-20:00; Sa 09:00-15:00),4,osm_active,48.72094593396023,44.53215470836077,POSITIVE,1.0,1.0
Центральный,Уральский банк реконструкции и развития — работает (Mo-Fr 09:00-18:00;Sa 10:00-15:00),4,osm_active,48.71973780490255,44.5337053840614,POSITIVE,1.0,1.0
Центральный,Maximum — работает (Mo-Fr 11:00-20:00),4,osm_active,48.725523903331016,44.53278232797433,POSITIVE,1.0,1.0
Центральный,Yves Rocher — работает (Mo-Su 10:00-20:00),4,osm_active,48.71928170791694,44.53223903080441,POSITIVE,1.0,1.0
Центральный,М.Видео — работает (Mo-Su 10:00-22:00),4,osm_active,48.723545436170504,44.52744115967131,POSITIVE,1.0,1.0
Центральный,Street — работает (Mo-Su 10:00-21:00),4,osm_active,48.72201279451548,44.53649046186202,POSITIVE,1.0,1.0
Центральный,Бургер Кинг — работает (Mo-Sa 10:00-23:00; Su 10:00-22:00),4,osm_active,48.72500725744458,44.528033926529886,POSITIVE,1.0,1.0
Центральный,KDL — работает (Mo-Fr 07:00-18:00; Sa 07:00-16:00; Su 07:00-15:00),4,osm_active,48.71916074958906,44.53540455223731,POSITIVE,1.0,1.0
Центральный,Вита Экспресс — работает (Mo-Su 08:00-20:00),4,osm_active,48.71700246970936,44.53302754867487,POSITIVE,1.0,1.0
Центральный,Инвестторгбанк — работает (Mo-Th 09:00-18:00; Fr 09:00-16:45),4,osm_active,48.72044487981141,44.53199457116167,POSITIVE,1.0,1.0
Центральный,Вита Экспресс — работает (Mo-Su 08:00-20:00),4,osm_active,48.723988852490216,44.53015710249314,POSITIVE,1.0,1.0
Центральный,Lazurit — работает (Mo-Su 10:00-20:00),4,osm_active,48.72525407744523,44.52731775820433,POSITIVE,1.0,1.0
Центральный,Quick-Step — работает (Mo-Su 10:00-19:00),4,osm_active,48.71932282493402,44.53348155941555,POSITIVE,1.0,1.0
Центральный,Q Store — работает (Mo-Su 10:00-22:00),4,osm_active,48.71532041343207,44.53323665615708,POSITIVE,1.0,1.0
Центральный,ГеКоВи — работает (Mo-Su 10:00-21:00),4,osm_active,48.7203705602088,44.53240051056068,POSITIVE,1.0,1.0
Центральный,Хлебница — работает (Mo-Su 08:00-21:00),4,osm_active,48.72163241728299,44.52931503402347,POSITIVE,1.0,1.0
Центральный,Блинберри — работает (Mo-Sa 08:30-23:30),4,osm_active,48.7190315821064,44.529653883183606,POSITIVE,1.0,1.0
Центральный,"Доблесть — работает (Su, Tu-Th 10:00-18:00; Fr-Sa 10:00-20:00)",4,osm_active,48.722476844207584,44.524139150990266,POSITIVE,1.0,1.0
Центральный,Вкус востока — работает (Mo-Su 09:00-22:00),4,osm_active,48.72205550605444,44.534908376185314,POSITIVE,1.0,1.0
Центральный,Оксана Сивогрирова — работает (Mo-Fr 09:30-18:00; Sa 10:00-16:00),4,osm_active,48.72484679467056,44.53099090270979,POSITIVE,1.0,1.0
Центральный,Хлебница — работает (Mo-Su 08:00-21:00),4,osm_active,48.72226322015316,44.53209130500314,POSITIVE,1.0,1.0
Центральный,Сова — работает (Mo-Fr 07:00-20:00; Sa 08:00-18:00; Su 08:00-15:00),4,osm_active,48.71975509112543,44.52933408642017,POSITIVE,1.0,1.0
Центральный,Мебель Черноземья — работает (Mo-Su 10:00-19:00),4,osm_active,48.71982582444267,44.5276720349539,POSITIVE,1.0,1.0
Центральный,Бон Аппетит — работает (24/7),4,osm_active,48.724220287164016,44.52956260199846,POSITIVE,1.0,1.0
Центральный,Белые Облака — работает (Mo-Su 10:00-23:00),4,osm_active,48.721184647312064,44.53624476447826,POSITIVE,1.0,1.0
Центральный,Агророс — работает (Mo-Fr 09:00-18:00),4,osm_active,48.72112201294629,44.52943827816557,POSITIVE,1.0,1.0
Центральный,Bitstop — работает (Mo-Sa 09:00-20:00),4,osm_active,48.72900334417764,44.53637574891937,POSITIVE,1.0,1.0
Центральный,СДЭК — работает (Mo-Su 10:00-20:00),4,osm_active,48.7166652082606,44.53345097590544,POSITIVE,1.0,1.0
Центральный,СДЭК — работает (Mo-Su 10:00-20:00),4,osm_active,48.72178763451293,44.53563987177005,POSITIVE,1.0,1.0
Центральный,СДЭК — работает (Mo-Su 10:00-20:00),4,osm_active,48.72033541364752,44.52997930751813,POSITIVE,1.0,1.0
Центральный,Ozon — работает (Mo-Su 09:00-21:00),4,osm_active,48.72346911607771,44.53183256819245,POSITIVE,1.0,1.0
Центральный,Ozon — работает (Mo-Su 09:00-21:00),4,osm_active,48.724050117380145,44.53257790688336,POSITIVE,1.0,1.0
Центральный,Ozon — работает (Mo-Su 09:00-21:00),4,osm_active,48.721633927360976,44.52908095701759,POSITIVE,1.0,1.0
Центральный,Ozon — работает (Mo-Su 09:00-21:00),4,osm_active,48.72145372939084,44.529018184659314,POSITIVE,1.0,1.0
Центральный,Ozon — работает (Mo-Su 09:00-21:00),4,osm_active,48.722876593064065,44.52826451366866,POSITIVE,1.0,1.0
Центральный,Пинскдрев — работает (Mo-Su 09:00-19:00),4,osm_active,48.71865510408536,44.53039602960371,POSITIVE,1.0,1.0
Центральный,МТС — работает (Mo-Fr 09:00-18:00),4,osm_active,48.71594946492745,44.538086931555505,POSITIVE,1.0,1.0
Центральный,Инвитро — работает (Mo-Fr 07:00-17:00; Sa 08:00-14:00; Su 08:00-13:00),4,osm_active,48.721454242940446,44.53152560861498,POSITIVE,1.0,1.0
Центральный,Билайн — работает (Mo-Su 09:00-20:00),4,osm_active,48.72199406552173,44.52997398436021,POSITIVE,1.0,1.0
Центральный,Билайн — работает (Mo-Su 10:00-22:00),4,osm_active,48.719751072056674,44.53092304079498,POSITIVE,1.0,1.0
Центральный,"Custom coffee — работает (Mo-Fr 08:30-23:00, Sa-Su 10:00-23:00)",4,osm_active,48.72755952394931,44.53674158943951,POSITIVE,1.0,1.0
Центральный,Ваш Инвестор — работает (Mo-Fr 09:30-19:00),4,osm_active,48.71900799191738,44.532650204524366,POSITIVE,1.0,1.0
Центральный,Конфил — работает (Mo-Su 08:00-20:00),4,osm_active,48.72168252661229,44.530499384821546,POSITIVE,1.0,1.0
Центральный,So So Coffee — работает (07:30 - 22:00),4,osm_active,48.72147282998931,44.53748018291415,POSITIVE,1.0,1.0
Центральный,СушиВесла — работает (10:00-23:00),4,osm_active,48.72064172942892,44.52841333944899,POSITIVE,1.0,1.0
Центральный,СушиВесла — доступен,5,osm_access,48.71861582926879,44.53240525064364,POSITIVE,1.0,1.0
Центральный,Coffee Like — работает (Mo-Su 08:00-22:00),4,osm_active,48.72347282007754,44.5323596876794,POSITIVE,1.0,1.0
Центральный,Coffee Like — работает (Mo-Su 10:00-22:00),4,osm_active,48.72152242893916,44.523260841928874,POSITIVE,1.0,1.0
Центральный,Coffee Like — работает (Mo-Su 08:30-22:00),4,osm_active,48.71899982293486,44.53727695367539,POSITIVE,1.0,1.0
Центральный,Confetti — работает (Mo-Su 10:00-22:00),4,osm_active,48.72257774323239,44.53502974243799,POSITIVE,1.0,1.0
Центральный,Тортуга — работает (Mo-Su 09:00-23:00),4,osm_active,48.72505416503832,44.532024949375966,POSITIVE,1.0,1.0
Центральный,Яндекс.Маркет — работает (Mo-Su 09:00-21:00),4,osm_active,48.72307858583633,44.531679201294395,POSITIVE,1.0,1.0
Центральный,Zoovolna — работает (Mo-Su 10:00-22:00),4,osm_active,48.724372432909846,44.5326760076041,POSITIVE,1.0,1.0
Центральный,Сбербанк — работает (Mo-Fr 09:00-18:00; Sa 10:00-14:00),4,osm_active,48.725002950170435,44.53401359399178,POSITIVE,1.0,1.0
Центральный,Сбербанк — доступен,5,osm_access,48.721256282587426,44.535501500346584,POSITIVE,1.0,1.0
Центральный,Бон Аппетит — работает (24/7),4,osm_active,48.72181266340259,44.53279745281321,POSITIVE,1.0,1.0
Центральный,Пятёрочка — работает (24/7),4,osm_active,48.72335940971677,44.53234651253804,POSITIVE,1.0,1.0
Центральный,Планета здоровья — работает (24/7),4,osm_active,48.723702435005634,44.52953946607756,POSITIVE,1.0,1.0
Центральный,ПЕГАС Туристик — работает (Mo-Fr 10:00-19:00),4,osm_active,48.72022886734952,44.53121086935927,POSITIVE,1.0,1.0
Центральный,Красное&Белое — работает (Mo-Su 09:00-22:05),4,osm_active,48.7217124275007,44.53073581570158,POSITIVE,1.0,1.0
Центральный,Локо-Банк — работает (Mo-Th 10:00-19:00; Fr 10:00-18:00),4,osm_active,48.715992719663305,44.53145463810054,POSITIVE,1.0,1.0
Центральный,Аптека.ру — работает (Mo-Su 08:00-21:00),4,osm_active,48.720418788133784,44.52845565794021,POSITIVE,1.0,1.0
Центральный,In Trend — работает (Mo-Su 10:00-20:00),4,osm_active,48.719068531369594,44.53204638490923,POSITIVE,1.0,1.0
Центральный,CyberX Community — работает (24/7),4,osm_active,48.72315467101656,44.53239968145092,POSITIVE,1.0,1.0
Центральный,Будь Здоров! — работает (Mo-Su 08:00-21:00),4,osm_active,48.72180184679315,44.53306288286198,POSITIVE,1.0,1.0
Центральный,Суши Вёсла — работает (Mo-Su 10:00-23:00),4,osm_active,48.71725952006006,44.52705707979621,POSITIVE,1.0,1.0
Центральный,Суши Вёсла — доступен,5,osm_access,48.722136531606345,44.52879148085033,POSITIVE,1.0,1.0
Центральный,Чито Гврито Lounge — работает (Mo-Su 11:00-23:00),4,osm_active,48.72221310072445,44.5281329261684,POSITIVE,1.0,1.0
Центральный,Tesla — работает (Mo-Su 10:00-20:00),4,osm_active,48.72610900029908,44.533086809391754,POSITIVE,1.0,1.0
Центральный,Тоник — работает (Su-Th 11:00-22:00; Fr-Sa 11:00-23:00),4,osm_active,48.72191708282251,44.53179643703894,POSITIVE,1.0,1.0
Центральный,Магнит — работает (Mo-Su 08:00-22:30),4,osm_active,48.71826539959302,44.53505949714136,POSITIVE,1.0,1.0
Центральный,Магнит — работает (Mo-Su 08:00-23:00),4,osm_active,48.71952207273435,44.53124941556673,POSITIVE,1.0,1.0
Центральный,Женская клиника Una — работает (Mo-Fr 08:00-20:00; Sa-Su 09:00-15:00),4,osm_active,48.72397961051199,44.53250888693053,POSITIVE,1.0,1.0
Центральный,Пятёрочка — работает (Mo-Su 08:00-23:00),4,osm_active,48.71689137033273,44.532374343406495,POSITIVE,1.0,1.0
Центральный,Ветеринарная аптека доктора Чулковой — работает (Mo-Su 09:00-20:00),4,osm_active,48.72193659943639,44.53009733862985,POSITIVE,1.0,1.0
Центральный,Квадрат — работает (Mo-Su 08:00-23:00),4,osm_active,48.72423994041253,44.53273401816297,POSITIVE,1.0,1.0
Центральный,Друзья — работает (Mo-Fr 08:00-20:00; Sa-Su 09:00-15:00),4,osm_active,48.72259448621999,44.53067225740108,POSITIVE,1.0,1.0
Центральный,Волгофарм — работает (Mo-Fr 07:30-21:00; Sa-Su 08:00-20:00),4,osm_active,48.72196756832161,44.53361168341481,POSITIVE,1.0,1.0
Центральный,Фасоль — работает (Mo-Su 08:00-21:00),4,osm_active,48.72158667306141,44.53521791987509,POSITIVE,1.0,1.0
Центральный,Ozon — работает (Mo-Su 09:00-21:00),4,osm_active,48.71859622085585,44.53380488899957,POSITIVE,1.0,1.0
Центральный,Онлайн Трейд — работает (Mo-Su 10:00-21:00),4,osm_active,48.71731799724467,44.535557478786394,POSITIVE,1.0,1.0
Центральный,МТС Банк — работает (Mo-Fr 09:00-20:00;Sa 10:00-18:00),4,osm_active,48.7212386663391,44.52727752814687,POSITIVE,1.0,1.0
Центральный,Grafika — работает (Mo-Su 10:00-21:00),4,osm_active,48.72032416226809,44.53461632789123,POSITIVE,1.0,1.0
Центральный,Ko Ko Coffee — работает (Mo-Su 08:00-21:00),4,osm_active,48.72443758626194,44.53484899739519,POSITIVE,1.0,1.0
Центральный,Вафли и Кофе — работает (Mo-Su 08:00-22:00),4,osm_active,48.72146175415774,44.531891953356535,POSITIVE,1.0,1.0
Центральный,Кофе Рояль — работает (Mo-Su 08:00-22:00),4,osm_active,48.7196751972244,44.528012018765246,POSITIVE,1.0,1.0
Центральный,Табак Che — работает (Mo-Fr 08:30:00-21:00 Sa-Su 09:00-21:00),4,osm_active,48.72654195216811,44.529105533797186,POSITIVE,1.0,1.0
Центральный,Табак Che — недоступен,2,osm_access,48.72190076815187,44.52854450001053,NEGATIVE,0.0,0.0
Центральный,Пекарня — работает (Mo-Su 09:00-21:00),4,osm_active,48.7253780755998,44.52546239917021,POSITIVE,1.0,1.0
Центральный,Пекарня — недоступен,2,osm_access,48.72255121567411,44.529338093833246,NEGATIVE,0.0,0.0
Центральный,Waves — работает (Mo-Su 07:30-22:00),4,osm_active,48.728431981151125,44.52970950024381,POSITIVE,1.0,1.0
Центральный,СладкоЁжка — работает (Mo-Su 08:00-20:00),4,osm_active,48.721874897033786,44.54011959272711,POSITIVE,1.0,1.0
Центральный,СладкоЁжка — недоступен,2,osm_access,48.72183838616658,44.53005972876794,NEGATIVE,0.0,0.0
Центральный,Занзибар Гастробистро — работает (Mo-Su 12:00-23:00),4,osm_active,48.7198478290824,44.5267793682612,POSITIVE,1.0,1.0
Центральный,Занзибар Гастробистро — доступен,5,osm_access,48.722594857547605,44.5280657381502,POSITIVE,1.0,1.0
Центральный,Цифра банк — работает (Mo-Fr 10:00-19:00),4,osm_active,48.72052290065119,44.53288942351879,POSITIVE,1.0,1.0
Центральный,Цифра банк — доступен,5,osm_access,48.7283836826938,44.529451925668226,POSITIVE,1.0,1.0
Центральный,Тортуга — работает (Mo-Su 09:00-23:00),4,osm_active,48.71957732634025,44.52940384836332,POSITIVE,1.0,1.0
Центральный,Desire — работает (Mo-Su 10:00-20:00),4,osm_active,48.72213113246092,44.531763826329026,POSITIVE,1.0,1.0
Центральный,Aravia — работает (Mo-Su 09:00-19:00),4,osm_active,48.71962304950481,44.52941298639597,POSITIVE,1.0,1.0
Центральный,Мир Музыки — работает (Mo-Fr 10:00-19:00; Sa-Su 10:00-18:00),4,osm_active,48.71867780079419,44.52674015766177,POSITIVE,1.0,1.0
Центральный,MaxMarket — работает (Mo-Su 09:00-21:00),4,osm_active,48.71668762515892,44.53728606211478,POSITIVE,1.0,1.0
Центральный,Ozon — работает (Mo-Su 09:00-21:00),4,osm_active,48.719356290381555,44.530308009529314,POSITIVE,1.0,1.0
Центральный,Ozon — работает (Mo-Su 09:00-21:00),4,osm_active,48.72171540341267,44.53249959640284,POSITIVE,1.0,1.0
Центральный,Ozon — работает (Mo-Su 09:00-21:00),4,osm_active,48.72538449565536,44.53097732423499,POSITIVE,1.0,1.0
Центральный,Ozon — работает (Mo-Su 10:00-21:00),4,osm_active,48.720085674461465,44.53510380676206,POSITIVE,1.0,1.0
Центральный,Ozon — работает (Mo-Su 09:00-21:00),4,osm_active,48.7195280340181,44.53179187368912,POSITIVE,1.0,1.0
Центральный,Золотой стандарт — работает (Mo-Su 08:00-20:00),4,osm_active,48.721520097317295,44.532399047475245,POSITIVE,1.0,1.0
Центральный,Золотой стандарт — работает (Mo-Su 08:00-20:00),4,osm_active,48.72468827237139,44.5314679879403,POSITIVE,1.0,1.0
Центральный,Золотой стандарт — работает (Mo-Su 09:00-21:00),4,osm_active,48.72699730569299,44.52586083735111,POSITIVE,1.0,1.0
Центральный,Покупочка — работает (Mo-Su 08:00-22:00),4,osm_active,48.720992036357565,44.527647000483995,POSITIVE,1.0,1.0
Центральный,Ozon — работает (Mo-Su 09:00-21:00),4,osm_active,48.71965200828694,44.53008862963266,POSITIVE,1.0,1.0
Центральный,Charuel — работает (Mo-Fr 11:00-20:00; Sa-Su 11:00-18:00),4,osm_active,48.72495079998089,44.53466301845934,POSITIVE,1.0,1.0
Центральный,СДЭК — работает (Mo-Fr 10:00-21:00; Sa-Su 10:00-18:00),4,osm_active,48.72274442380162,44.53408389253795,POSITIVE,1.0,1.0
Центральный,Wildberries — работает (Mo-Su 10:00-21:00),4,osm_active,48.72320471911302,44.53417565733696,POSITIVE,1.0,1.0
Центральный,Конфил — работает (Mo-Su 08:00-20:00),4,osm_active,48.723250274922954,44.53671264938242,POSITIVE,1.0,1.0
Центральный,Южный двор — работает (Mo-Su 08:00-20:00),4,osm_active,48.724749492619715,44.527996226029224,POSITIVE,1.0,1.0
Центральный,Л'Этуаль — работает (Mo-Su 10:00-22:00),4,osm_active,48.71779028282421,44.53133150920713,POSITIVE,1.0,1.0
Центральный,БлинБери — работает (Mo-Su 07:30-23:00),4,osm_active,48.72368618831524,44.53200338720499,POSITIVE,1.0,1.0
Центральный,Рустерс — работает (Mo-Su 10:30-23:00),4,osm_active,48.72195519707329,44.53217015750674,POSITIVE,1.0,1.0
Центральный,Магнит — работает (Mo-Su 08:00-22:30),4,osm_active,48.72146983094936,44.53230542977561,POSITIVE,1.0,1.0
Центральный,Fix Price — работает (Mo-Su 09:00-21:00),4,osm_active,48.72786948099842,44.53153388632947,POSITIVE,1.0,1.0
Центральный,Продукты — работает (Mo-Su 08:00-22:00),4,osm_active,48.71975302246469,44.53168838977852,POSITIVE,1.0,1.0
Центральный,Арт Оптика — работает (Mo-Su 10:00-20:00),4,osm_active,48.727769520547824,44.532913437630874,POSITIVE,1.0,1.0
Центральный,"Братица — работает (Mo-Fr 12:00-21:00; Sa,Su 10:00-21:00)",4,osm_active,48.72598785825204,44.53279375425294,POSITIVE,1.0,1.0
Центральный,"Канцлагеръ — работает (Su-Th 10:00-22:00; Fr,Sa 10:00-22:55)",4,osm_active,48.72750679262998,44.52995129992722,POSITIVE,1.0,1.0
Центральный,Россельхозбанк — работает (Mo-Fr 09:00-19:00; Sa 09:00-15:00; Su off),4,osm_active,48.725829086127696,44.53408979802131,POSITIVE,1.0,1.0
Центральный,Зоомир — работает (Mo-Su 09:00-22:00),4,osm_active,48.720604224152694,44.530668587675805,POSITIVE,1.0,1.0
Центральный,Медтехника — работает (Mo-Fr 09:00-18:00; Sa 09:00-17:00; Su off),4,osm_active,48.71888985104932,44.52988983855886,POSITIVE,1.0,1.0
Центральный,Волгоградский мясокомбинат — работает (Mo-Sa 08:00-21:00; Su 08:00-20:00),4,osm_active,48.72786354878446,44.53363283776781,POSITIVE,1.0,1.0
Центральный,Волгоградский мясокомбинат — недоступен,2,osm_access,48.72072874092951,44.53657258569477,NEGATIVE,0.0,0.0
Центральный,Kalinka — работает (24/7),4,osm_active,48.71934580841812,44.53143285822784,POSITIVE,1.0,1.0
Центральный,Южный двор — работает (Mo-Su 09:00-21:00),4,osm_active,48.71705330059593,44.53340788562705,POSITIVE,1.0,1.0
Центральный,Ozon — работает (Mo-Su 09:00-21:00),4,osm_active,48.72310012614261,44.531292280523445,POSITIVE,1.0,1.0
Центральный,Ozon — работает (Mo-Su 09:00-21:00),4,osm_active,48.72242834290735,44.53200822948276,POSITIVE,1.0,1.0
Центральный,Ozon — работает (Mo-Fr 08:00-22:00; Sa-Su 09:00-18:00),4,osm_active,48.722835472515015,44.52996293568667,POSITIVE,1.0,1.0
Центральный,Сибирское здоровье — работает (Mo-Su 10:00-20:00),4,osm_active,48.71972226240071,44.53688075906281,POSITIVE,1.0,1.0
Центральный,Gloria Jeans — работает (Mo-Su 10:00-22:00),4,osm_active,48.722529562363825,44.5288279545393,POSITIVE,1.0,1.0
Центральный,Вита Экспресс — работает (Mo-Su 08:00-20:00),4,osm_active,48.71412152827099,44.529168740613834,POSITIVE,1.0,1.0
Центральный,Ozon — работает (Mo-Su 09:00-21:00),4,osm_active,48.72141971301658,44.52967218881402,POSITIVE,1.0,1.0
Центральный,Ozon — недоступен,2,osm_access,48.72400629332672,44.53627768641138,NEGATIVE,0.0,0.0
Центральный,Ozon — работает (Mo-Su 09:00-21:00),4,osm_active,48.72569301600628,44.529484949709484,POSITIVE,1.0,1.0
Центральный,Эконом — работает (Mo-Su 09:00-21:00),4,osm_active,48.72524193006969,44.5287321946158,POSITIVE,1.0,1.0
Центральный,Ozon — работает (Mo-Su 09:00-21:00),4,osm_active,48.719559161284856,44.53356893917959,POSITIVE,1.0,1.0
Центральный,Trives — работает (Mo-Su 09:00-20:00),4,osm_active,48.722226746559336,44.533443618727624,POSITIVE,1.0,1.0
Центральный,Foton — работает (Mo-Fr 08:00-18:00),4,osm_active,48.7223572594844,44.529142681977845,POSITIVE,1.0,1.0
Центральный,Много мяса на мангале — работает (24/7),4,osm_active,48.72710875853925,44.52714472154643,POSITIVE,1.0,1.0
Центральный,Блинмастер — работает (Mo-Su 08:00-21:00),4,osm_active,48.72060445397257,44.525530828577395,POSITIVE,1.0,1.0
Центральный,Armfood — работает (24/7),4,osm_active,48.72516546815286,44.527908315045224,POSITIVE,1.0,1.0
Центральный,Кофе Смайл — работает (Mo-Su 09:00-21:00),4,osm_active,48.72183840393079,44.52743554700378,POSITIVE,1.0,1.0
Центральный,Магнит — работает (24/7),4,osm_active,48.7181003893911,44.53726425768317,POSITIVE,1.0,1.0
Центральный,Магнит Аптека — работает (Mo-Su 09:00-21:00),4,osm_active,48.71985465769403,44.53257028766993,POSITIVE,1.0,1.0
Центральный,DNS — работает (Mo-Su 10:00-22:00),4,osm_active,48.71904939693185,44.533739944248545,POSITIVE,1.0,1.0
Центральный,Ozon — работает (Mo-Su 09:00-21:00),4,osm_active,48.72460919803286,44.532683455538944,POSITIVE,1.0,1.0
Центральный,Ozon — работает (Mo-Su 09:00-21:00),4,osm_active,48.72155717669463,44.534922970692485,POSITIVE,1.0,1.0
Центральный,Ozon — работает (Mo-Su 09:00-21:00),4,osm_active,48.72342460116026,44.53213113164222,POSITIVE,1.0,1.0
Центральный,Время Есть! — работает (summer: Mo-Su 08:00-21:00; winter: Mo-Su: 09:000-20:00),4,osm_active,48.72063114353201,44.53295683922509,POSITIVE,1.0,1.0
Центральный,Kerama Marazzi — работает (Mo-Sa 10:00-20:00; Su 10:00-18:00),4,osm_active,48.720728988938035,44.52907338234139,POSITIVE,1.0,1.0
Центральный,Меридиан — работает (Mo-Fr 09:00-18:30; Sa 09:00-16:00),4,osm_active,48.72312517897832,44.53381437719838,POSITIVE,1.0,1.0
Центральный,Sokolov — работает (Mo-Su 10:00-22:00),4,osm_active,48.71919556732526,44.53057663490683,POSITIVE,1.0,1.0
Центральный,Ozon — работает (Mo-Su 10:00-22:00),4,osm_active,48.72251328665978,44.5316081299144,POSITIVE,1.0,1.0
Центральный,Ozon — работает (Mo-Su 09:00-21:00),4,osm_active,48.71921050914543,44.53133558123693,POSITIVE,1.0,1.0
Центральный,Вита Экспресс — работает (Mo-Su 08:00-20:00),4,osm_active,48.722437691587935,44.536933264479686,POSITIVE,1.0,1.0
Центральный,Вилка-Ложка — работает (Mo-Fr 09:00-21:00; Sa-Su 10:00-21:00),4,osm_active,48.720065966753005,44.53469489449592,POSITIVE,1.0,1.0
Центральный,ВсеИнструменты.ру — работает (Mo-Su 09:00-20:00),4,osm_active,48.71880851471112,44.52981063601906,POSITIVE,1.0,1.0
Центральный,Авито — работает (Mo-Su 09:00-21:00),4,osm_active,48.71742129335482,44.52908966812969,POSITIVE,1.0,1.0
Центральный,Мать и дитя — работает (Mo-Fr 08:00-20:00; Sa 08:00-18:00; Su 08:00-16:00),4,osm_active,48.72115952528591,44.52895332505423,POSITIVE,1.0,1.0
Центральный,СДЭК — работает (Mo-Fr 10:00-21:00; Sa-Su 10:00-20:00),4,osm_active,48.72098066731163,44.53393995331214,POSITIVE,1.0,1.0
Центральный,Совкомбанк — работает (Mo-Fr 09:00-20:00; Sa-Su 09:00-18:00),4,osm_active,48.72151228410366,44.53130161772393,POSITIVE,1.0,1.0
Центральный,Гараж — работает (Mo-Fr 09:00-19:00; Sa 11:00-15:00),4,osm_active,48.72147396613613,44.5366597533869,POSITIVE,1.0,1.0
Центральный,Sunlight — работает (Mo-Su 09:00-19:00),4,osm_active,48.71948608079553,44.53152815031947,POSITIVE,1.0,1.0
Центральный,Sunlight — работает (Mo-Su 10:00-22:00),4,osm_active,48.718344235922565,44.53365842900149,POSITIVE,1.0,1.0
Центральный,NL International — работает (Mo-Su 11:00-20:00),4,osm_active,48.71944594534406,44.530427047541465,POSITIVE,1.0,1.0
Центральный,"Boxberry — работает (Mo-Fr 08:00-12:00,13:00-18:00; Sa 08:00-12:00,13:00-15:00)",4,osm_active,48.720064061851225,44.53120792922599,POSITIVE,1.0,1.0
Центральный,Продсклад Победа — работает (Mo-Su 08:00-21:00),4,osm_active,48.7217647797068,44.53415020117694,POSITIVE,1.0,1.0
Центральный,Авито — работает (Mo-Su 09:00-21:00),4,osm_active,48.71919600706739,44.532757243122056,POSITIVE,1.0,1.0
Центральный,Авито — работает (Mo-Su 09:00-21:00),4,osm_active,48.72377316506353,44.527248083341206,POSITIVE,1.0,1.0
Центральный,Sunlight — работает (Mo-Su 09:00-19:00),4,osm_active,48.72306747400777,44.53384607955021,POSITIVE,1.0,1.0
Центральный,СДЭК — работает (Mo-Fr 10:00-21:00; Sa-Su 10:00-20:00),4,osm_active,48.72332381667837,44.528716812558514,POSITIVE,1.0,1.0
Центральный,Есть Научно-образовательный экологический центр им. Б.С. Кубанцева (community_centre),4,osm_positive,48.71981954270423,44.53063590547101,NEUTRAL,0.5,0.5
Центральный,Baggins Coffee — работает (Mo-Fr 08:00-21:00; Sa-Su 09:00-21:00),4,osm_active,48.719560360569865,44.529323965322206,POSITIVE,1.0,1.0
Центральный,Fix Price — работает (Mo-Su 09:00-20:00),4,osm_active,48.72643367569844,44.529019194311466,POSITIVE,1.0,1.0
Центральный,Fix Price — работает (Mo-Su 08:00-20:00),4,osm_active,48.72298711661302,44.52996791504772,POSITIVE,1.0,1.0
Центральный,Fix Price — работает (Mo-Su 09:00-21:00),4,osm_active,48.72111381591505,44.53051264309241,POSITIVE,1.0,1.0
Центральный,"Языки и культуры мира — работает (Mo-Fr 10:30-14:30,15:00-19:00)",4,osm_active,48.723436503790424,44.52908830384551,POSITIVE,1.0,1.0
Центральный,"Подготовительное отделение ВГСПУ — работает (Mo-Fr 10:30-14:30,15:00-19:00)",4,osm_active,48.72141569672072,44.53064461241267,POSITIVE,1.0,1.0
Центральный,"Эль-Флора — работает (Mo-Fr 08:00-21:00; Sa,Su 09:00-21:00)",4,osm_active,48.722712171762474,44.53170986441251,POSITIVE,1.0,1.0
Центральный,Afanasiev — работает (Mo-Su 09:00-20:00),4,osm_active,48.722424230452496,44.53056526260893,POSITIVE,1.0,1.0
Центральный,Birmirghem — работает (Mo-Su 10:00-21:00),4,osm_active,48.72552376115294,44.53479098909729,POSITIVE,1.0,1.0
Центральный,Мидийное место — работает (Mo-Su 10:00-22:00),4,osm_active,48.72037225431626,44.53404763577311,POSITIVE,1.0,1.0
Центральный,Читай-город — работает (Mo-Su 10:00-22:00),4,osm_active,48.71989338749844,44.53111930416819,POSITIVE,1.0,1.0
Центральный,Есть Волгоградский областной киновидеоцентр «Шанс» (cinema),4,osm_positive,48.724552855147095,44.53341293332631,NEUTRAL,0.5,0.5
Центральный,Есть Дом Офицеров (theatre),4,osm_positive,48.7195370567027,44.530999401463085,NEUTRAL,0.5,0.5
Центральный,Поликлиника №3 — работает (08:00-20:00),4,osm_active,48.72105955498827,44.5317217450956,POSITIVE,1.0,1.0
Центральный,"Библиотека им. М. Горького — работает (Mo-Th 10:00-20:00; Sa-Su 10:00-18:00; Mo[-1] off ""санитарный день"")",4,osm_active,48.720593249283134,44.526843550859645,POSITIVE,1.0,1.0
Центральный,Есть Библиотека им. М. Горького (library),4,osm_positive,48.721716913192544,44.528519982745514,NEUTRAL,0.5,0.5
Центральный,Академия — работает (Mo-Fr 08:00-17:00),4,osm_active,48.72102300913619,44.53044565749674,POSITIVE,1.0,1.0
Центральный,"Goya — работает (Su-Th 08:00-23:00; Fr,Sa 08:00-24:00)",4,osm_active,48.72177323645412,44.535660597557154,POSITIVE,1.0,1.0
Центральный,"Пиратская бухта — работает (Fr-Sa 12:00-05:00; Mo-Th,Su 12:00-02:00)",4,osm_active,48.72348556466685,44.532711740298694,POSITIVE,1.0,1.0
Центральный,Чито Гврито — работает (Mo-Su 11:00-23:00),4,osm_active,48.72019282198707,44.53043532597985,POSITIVE,1.0,1.0
Центральный,Аверия — работает (24/7),4,osm_active,48.71915725069902,44.52897152544091,POSITIVE,1.0,1.0
Центральный,БлинБерри — работает (Mo-Su 08:00-00:00),4,osm_active,48.725918762433125,44.525181193327775,POSITIVE,1.0,1.0
Центральный,Ветеринарная клиника доктора Чулковой — работает (24/7),4,osm_active,48.726935990070366,44.53171237906466,POSITIVE,1.0,1.0
Центральный,Вкусно — и точка — работает (Mo-Su 07:00-24:00),4,osm_active,48.72130883234093,44.534269167469105,POSITIVE,1.0,1.0
Центральный,Лукойл — работает (24/7),4,osm_active,48.72248822099178,44.530914881654965,POSITIVE,1.0,1.0
Центральный,БлинБери — работает (Mo-Su 08:00-24:00),4,osm_active,48.71947199108388,44.53541791611256,POSITIVE,1.0,1.0
Центральный,Енот — работает (24/7),4,osm_active,48.7190008784502,44.53477734195549,POSITIVE,1.0,1.0
Центральный,Золотой дракон — работает (Mo-Su 12:00-24:00),4,osm_active,48.715776639046005,44.52957508550846,POSITIVE,1.0,1.0
Центральный,Много магазинов (38),5,infra,48.71742342563082,44.52875992741957,POSITIVE,1.0,1.0
Центральный,Отличный транспорт (26),5,infra,48.72077166683462,44.52752638702195,NEUTRAL,0.5,0.5
Центральный,Парки (20),5,infra,48.72120823604957,44.53270127288153,NEUTRAL,0.5,0.5
Центральный,Площадки (12),5,infra,48.71931035943016,44.52784198226963,NEUTRAL,0.5,0.5
Центральный,Медицина (18),5,infra,48.72648196186638,44.5316365152075,NEUTRAL,0.5,0.5
Центральный,"Школы (12), садики (16)",5,infra,48.71956124436961,44.5374599372464,NEUTRAL,0.5,0.5
Центральный,Кафе (42),5,infra,48.728286638652214,44.53264258917856,NEUTRAL,0.5,0.5
Центральный,Развитый район,5,infra,48.724175330758754,44.53284313298671,POSITIVE,1.0,1.0
Красноармейский,Магазинов нет,1,infra,48.48386084868612,44.63282902246001,NEUTRAL,0.5,0.5
Красноармейский,Плохой транспорт,1,infra,48.48553681219449,44.627365211343246,NEUTRAL,0.5,0.5
Красноармейский,Парков нет,2,infra,48.47988201818865,44.633846199684754,NEUTRAL,0.5,0.5
Красноармейский,Площадок нет,1,infra,48.48352656151101,44.631601706630114,NEUTRAL,0.5,0.5
Красноармейский,Нет поликлиники,2,infra,48.48019518737805,44.630483890374315,NEUTRAL,0.5,0.5
Красноармейский,Аптек нет,1,infra,48.48024103743214,44.63321633340886,NEUTRAL,0.5,0.5
Красноармейский,Нет школ/садиков,1,infra,48.47716952802791,44.63022293311203,NEUTRAL,0.5,0.5
Красноармейский,Кафе нет,2,infra,48.4782019171412,44.63443705808437,NEUTRAL,0.5,0.5
Красноармейский,Слабая инфраструктура,2,infra,48.48198140112499,44.632800927171445,NEUTRAL,0.5,0.5
Советский,Ozon — работает (Mo-Su 09:00-21:00),4,osm_active,48.592323594685574,44.2296851882568,POSITIVE,1.0,1.0
Советский,Магазинов нет,1,infra,48.58803292792963,44.23187161091991,NEUTRAL,0.5,0.5
Советский,Плохой транспорт,1,infra,48.597736939055665,44.23951620004385,NEUTRAL,0.5,0.5
Советский,Парков нет,2,infra,48.59561355616335,44.23503982909767,NEUTRAL,0.5,0.5
Советский,Площадок нет,1,infra,48.599787921757176,44.23145938835757,NEUTRAL,0.5,0.5
Советский,Нет поликлиники,2,infra,48.59337689106672,44.23132505265584,NEUTRAL,0.5,0.5
Советский,Аптек нет,1,infra,48.59640307996045,44.23498148476379,NEUTRAL,0.5,0.5
Советский,Нет школ/садиков,1,infra,48.59490382101116,44.23274927758743,NEUTRAL,0.5,0.5
Советский,Кафе нет,2,infra,48.60177130274128,44.235052345056616,NEUTRAL,0.5,0.5
Советский,Слабая инфраструктура,2,infra,48.58975508585041,44.22652812404599,NEUTRAL,0.5,0.5
Тракторозаводский,Лукойл — работает (24/7),4,osm_active,48.83614172255139,44.60391183892732,POSITIVE,1.0,1.0
Тракторозаводский,Магазинов нет,1,infra,48.840464541977745,44.6003374195221,NEUTRAL,0.5,0.5
Тракторозаводский,Плохой транспорт,1,infra,48.834751979324565,44.6054142855008,NEUTRAL,0.5,0.5
Тракторозаводский,Парков нет,2,infra,48.840124192008176,44.60375295803449,NEUTRAL,0.5,0.5
Тракторозаводский,Площадок нет,1,infra,48.837329374840934,44.597854811872736,NEUTRAL,0.5,0.5
Тракторозаводский,Нет поликлиники,2,infra,48.83707259690283,44.598241550160374,NEUTRAL,0.5,0.5
Тракторозаводский,Аптек нет,1,infra,48.837858294797826,44.59921539761075,NEUTRAL,0.5,0.5
Тракторозаводский,Нет школ/садиков,1,infra,48.84027952457679,44.59761412635318,NEUTRAL,0.5,0.5
Тракторозаводский,Слабая инфраструктура,2,infra,48.839734516908266,44.601509470109825,NEUTRAL,0.5,0.5
